,week_start,indicator,European Union,France,Germany,New Zealand,United Kingdom,United States
1,2019-12-30,ICU patients per million,0.0,0.0,0.0,0.0,0.0,0.0
2,2019-12-30,New cases per ten million,0.0004,0.0,0.0012000000000000001,0.0,0.0,0.0
3,2019-12-30,Deaths per million,0.007,0.0,0.036,0.0,0.0,0.0
6,2020-01-06,ICU patients per million,0.0,0.0,0.0,0.0,0.0,0.0
7,2020-01-06,New cases per ten million,0.0,0.0,0.0,0.0,0.0,0.0
8,2020-01-06,Deaths per million,0.0,0.0,0.0,0.0,0.0,0.0
11,2020-01-13,ICU patients per million,0.0,0.0,0.0,0.0,0.0,0.0
12,2020-01-13,New cases per ten million,0.0004,0.0,0.0,0.0,0.0,0.0
13,2020-01-13,Deaths per million,0.0,0.0,0.0,0.0,0.0,0.0
16,2020-01-20,ICU patients per million,0.0,0.0,0.0,0.0,0.0,0.0
17,2020-01-20,New cases per ten million,0.0010999999999999998,0.0046,0.0012000000000000001,0.0,0.0,0.0021
18,2020-01-20,Deaths per million,0.007,0.0,0.036,0.0,0.0,0.0
21,2020-01-27,ICU patients per million,0.0,0.0,0.0,0.0,0.0,0.0
22,2020-01-27,New cases per ten million,0.004,0.0046,0.0108,0.0,0.0015,0.0006000000000000001
23,2020-01-27,Deaths per million,0.007,0.0,0.036,0.0,0.015,0.0
26,2020-02-03,ICU patients per million,0.0,0.0,0.0,0.0,0.0,0.0
27,2020-02-03,New cases per ten million,0.0042,0.0093,0.0108,0.0,0.029700000000000004,0.0033000000000000004
28,2020-02-03,Deaths per million,0.0,0.0,0.0,0.0,0.015,0.0
31,2020-02-10,ICU patients per million,0.0,0.0,0.0,0.0,0.0,0.0
32,2020-02-10,New cases per ten million,0.0022,0.0,0.006,0.0,0.0163,0.0012000000000000001
33,2020-02-10,Deaths per million,0.002,0.0,0.0,0.0,0.0,0.0
36,2020-02-17,ICU patients per million,0.0,0.0,0.0,0.0,0.0,0.0
37,2020-02-17,New cases per ten million,0.021099999999999997,0.0062,0.0072,0.0,0.0045000000000000005,0.0048000000000000004
38,2020-02-17,Deaths per million,0.007,0.0,0.012,0.0,0.0,0.0
41,2020-02-24,ICU patients per million,0.0,0.0,0.0,0.0,0.0,0.0
42,2020-02-24,New cases per ten million,0.3075,0.0,0.16670000000000001,0.0193,0.049,0.0099
43,2020-02-24,Deaths per million,0.062,0.0,0.012,0.0,0.015,0.003
46,2020-03-02,ICU patients per million,0.0,0.0,0.0,0.0,0.0,0.0
47,2020-03-02,New cases per ten million,1.8441,0.0,1.0855000000000001,0.0772,0.4606,0.11560000000000001
48,2020-03-02,Deaths per million,0.546,0.0,0.144,0.0,0.09,0.05399999999999999
51,2020-03-09,ICU patients per million,0.0,0.0,0.0,0.0,0.0,0.0
52,2020-03-09,New cases per ten million,8.9377,0.0,7.7258,0.05790000000000001,2.8159,1.0243
53,2020-03-09,Deaths per million,4.165,0.665,1.008,0.0,0.6819999999999999,0.14900000000000002
56,2020-03-16,ICU patients per million,0.0,91.38499999999999,10.459,0.0,0.0,0.0
57,2020-03-16,New cases per ten million,23.6689,0.0,26.876600000000003,1.1185,8.080300000000001,8.1249
58,2020-03-16,Deaths per million,16.825,10.367,5.745,0.0,6.354,0.901
61,2020-03-23,ICU patients per million,0.0,345.878,67.759,0.0,0.0,0.0
62,2020-03-23,New cases per ten million,38.254000000000005,0.0,40.7593,7.907,23.7688,28.0512
63,2020-03-23,Deaths per million,36.509,30.932,17.5,0.193,29.698999999999998,5.121
66,2020-03-30,ICU patients per million,0.0,633.138,168.06,0.0,129.035,0.0
67,2020-03-30,New cases per ten million,34.655499999999996,0.0,43.261399999999995,7.6371,42.6878,52.0711
68,2020-03-30,Deaths per million,45.827,50.691,27.264,0.0,83.277,19.634999999999998
71,2020-04-06,ICU patients per million,0.0,711.501,223.043,0.0,314.639,0.0
72,2020-04-06,New cases per ten million,29.044800000000002,0.0,32.5597,3.4135,48.3344,64.7884
73,2020-04-06,Deaths per million,42.341,51.743,22.526,0.579,132.93,41.056
76,2020-04-13,ICU patients per million,0.0,634.952,236.226,0.0,333.971,0.0
77,2020-04-13,New cases per ten million,22.6873,0.0,20.8049,0.945,45.874,57.9828
78,2020-04-13,Deaths per million,35.435,42.243,14.706,1.35,134.53,46.995000000000005
81,2020-04-20,ICU patients per million,0.0,516.656,227.41,0.0,295.98900000000003,0.0
82,2020-04-20,New cases per ten million,17.5074,0.0,14.814699999999998,0.4437,49.632,60.6476
83,2020-04-20,Deaths per million,26.985,32.432,8.72,1.351,113.956,44.043
86,2020-04-27,ICU patients per million,0.0,417.972,187.273,0.0,230.755,0.0
87,2020-04-27,New cases per ten million,11.538599999999999,0.0,8.9265,0.2895,47.1804,58.6586
88,2020-04-27,Deaths per million,18.716,21.756,4.654,0.386,86.803,40.307
91,2020-05-04,ICU patients per million,0.0,314.57,148.052,0.0,178.673,0.0
92,2020-05-04,New cases per ten million,9.2052,0.0,7.4883,0.1544,35.5908,53.8727
93,2020-05-04,Deaths per million,13.825,16.34,3.095,0.193,66.776,37.713
96,2020-05-11,ICU patients per million,0.0,237.46200000000002,111.93599999999999,0.0,138.085,0.0
97,2020-05-11,New cases per ten million,7.6891,1.0476,5.7275,0.0965,29.654,49.9666
98,2020-05-11,Deaths per million,10.08,12.534,1.979,0.0,47.993,29.945999999999998
101,2020-05-18,ICU patients per million,0.0,179.671,84.455,0.0,104.681,0.0
102,2020-05-18,New cases per ten million,7.0826,6.7155000000000005,4.3229,0.0964,25.0426,49.1665
103,2020-05-18,Deaths per million,7.226,8.696,1.331,0.0,38.055,25.297
106,2020-05-25,ICU patients per million,0.0,145.414,63.787,0.0,79.187,0.0
107,2020-05-25,New cases per ten million,6.2231,5.3167,3.8455,0.0,17.3502,43.2871
108,2020-05-25,Deaths per million,5.284,7.288,0.78,0.193,29.121,20.131
111,2020-06-01,ICU patients per million,0.0,116.821,52.105,0.0,60.288,0.0
112,2020-06-01,New cases per ten million,5.6997,4.2475000000000005,2.8236,0.0,13.1598,44.2755
113,2020-06-01,Deaths per million,4.195,5.122,0.528,0.0,20.976,17.697
116,2020-06-08,ICU patients per million,0.0,91.944,40.087,0.0,44.512,0.0
117,2020-06-08,New cases per ten million,5.8872,4.0649,2.8164000000000002,0.0,10.446000000000002,44.8953
118,2020-06-08,Deaths per million,3.442,3.992,0.42,0.0,15.316,15.875
121,2020-06-15,ICU patients per million,0.0,75.959,33.046,0.0,36.409,0.0
122,2020-06-15,New cases per ten million,6.3223,3.5078000000000005,5.0282,0.0965,10.209,53.215
123,2020-06-15,Deaths per million,2.715,2.46,0.492,0.0,11.051,13.17
126,2020-06-22,ICU patients per million,0.0,64.499,29.902,0.0,30.38,0.0
127,2020-06-22,New cases per ten million,6.2188,3.1318,3.7987,0.3279,7.8064,76.3482
128,2020-06-22,Deaths per million,1.7040000000000002,1.718,0.252,0.0,9.406,17.977
131,2020-06-29,ICU patients per million,0.0,56.553,27.130000000000003,0.0,25.301000000000002,0.0
132,2020-06-29,New cases per ten million,5.7274,3.596,3.2278,0.1351,6.3326,101.1459
133,2020-06-29,Deaths per million,1.8010000000000002,1.547,0.312,0.0,6.755,13.158
136,2020-07-06,ICU patients per million,0.0,50.653999999999996,23.582,0.0,19.212,0.0
137,2020-07-06,New cases per ten million,6.132300000000001,4.4146,2.9135,0.2123,6.3444,115.9376
138,2020-07-06,Deaths per million,1.484,1.857,0.3,0.0,5.229,16.345
141,2020-07-13,ICU patients per million,0.0,47.114,21.269,0.0,15.004,150.676
142,2020-07-13,New cases per ten million,7.995,5.4312,3.6512000000000002,0.1737,6.4289000000000005,137.8307
143,2020-07-13,Deaths per million,1.357,1.455,0.372,0.0,3.748,19.705
146,2020-07-20,ICU patients per million,0.0,41.629999999999995,20.837,0.0,11.495,264.814
147,2020-07-20,New cases per ten million,10.7487,8.611,4.7211,0.05790000000000001,7.3605,138.3137
148,2020-07-20,Deaths per million,1.3860000000000001,1.516,0.396,0.0,3.051,22.84
151,2020-07-27,ICU patients per million,0.0,36.63,21.821,0.0,9.244,297.195
152,2020-07-27,New cases per ten million,14.000399999999999,11.877500000000001,5.8091,0.1737,8.1826,127.4794
153,2020-07-27,Deaths per million,1.5310000000000001,1.191,0.444,0.0,2.593,24.08
156,2020-08-03,ICU patients per million,0.0,37.501,20.320999999999998,0.0,7.243,285.54
157,2020-08-03,New cases per ten million,17.8502,16.8646,7.277200000000001,0.0772,9.5069,111.1204
158,2020-08-03,Deaths per million,1.914,1.068,0.408,0.0,2.149,23.055
161,2020-08-10,ICU patients per million,0.0,36.792,19.037,0.0,7.776,261.70799999999997
162,2020-08-10,New cases per ten million,22.8717,25.7634,9.561,1.0028000000000001,11.5496,107.20429999999999
163,2020-08-10,Deaths per million,2.488,1.424,0.372,0.0,2.237,21.886
166,2020-08-17,ICU patients per million,0.0,37.662,19.409,0.0,7.510999999999999,234.41
167,2020-08-17,New cases per ten million,28.0935,39.0056,11.491,1.0221,11.4473,93.3483
168,2020-08-17,Deaths per million,2.419,1.826,0.372,0.0,1.674,19.737000000000002
171,2020-08-24,ICU patients per million,0.0,39.918,19.889,0.0,6.888,209.026
172,2020-08-24,New cases per ten million,33.8868,58.417100000000005,10.6082,1.0414,13.1152,87.1874
173,2020-08-24,Deaths per million,2.5949999999999998,1.718,0.216,0.0,1.482,18.75
176,2020-08-31,ICU patients per million,0.0,46.333,19.097,0.0,7.629,191.858
177,2020-08-31,New cases per ten million,38.8407,77.67229999999999,10.3263,0.8292999999999999,22.994,87.2781
178,2020-08-31,Deaths per million,3.016,1.95,0.42,0.386,1.2890000000000001,16.863
181,2020-09-07,ICU patients per million,0.0,62.599,19.277,0.0,9.421,178.608
182,2020-09-07,New cases per ten million,47.1588,95.0568,11.7369,0.48210000000000003,33.5274,72.60669999999999
183,2020-09-07,Deaths per million,3.69,3.992,0.816,0.0,1.718,14.713000000000001
186,2020-09-14,ICU patients per million,0.0,81.503,20.573,0.0,13.597,166.023
187,2020-09-14,New cases per ten million,57.391200000000005,113.7008,14.735499999999998,0.34719999999999995,38.2911,83.0581
188,2020-09-14,Deaths per million,4.8500000000000005,6.638,0.984,0.193,2.799,15.301
191,2020-09-21,ICU patients per million,0.0,106.19,24.852,0.0,24.619,162.833
192,2020-09-21,New cases per ten million,59.4657,112.19680000000001,15.669900000000002,0.2508,65.7587,90.0926
193,2020-09-21,Deaths per million,5.794,8.65,1.319,0.0,3.941,14.116999999999999
196,2020-09-28,ICU patients per million,0.0,128.898,31.45,0.0,35.432,165.753
197,2020-09-28,New cases per ten million,66.3937,115.7712,19.1268,0.405,109.7781,88.193
198,2020-09-28,Deaths per million,6.465999999999999,8.681,1.451,0.0,6.104,13.855
201,2020-10-05,ICU patients per million,0.0,147.877,41.238,0.0,45.43,178.651
202,2020-10-05,New cases per ten million,100.8415,179.7386,31.360300000000002,0.32799999999999996,163.7029,98.8055
203,2020-10-05,Deaths per million,8.703,10.677,2.963,0.0,8.709,13.643
206,2020-10-12,ICU patients per million,0.0,179.538,55.836,0.0,59.295,195.185
207,2020-10-12,New cases per ten million,151.538,259.6995,50.4151,0.2894,177.8698,114.5863
208,2020-10-12,Deaths per million,12.131,14.901,5.566,0.0,13.481,14.191
211,2020-10-19,ICU patients per million,0.0,240.439,87.778,0.0,76.08,217.721
212,2020-10-19,New cases per ten million,234.6257,404.3674,89.7111,0.945,224.5052,132.8559
213,2020-10-19,Deaths per million,19.703,27.45,12.175,0.0,21.554000000000002,16.918
216,2020-10-26,ICU patients per million,0.0,327.85699999999997,143.181,0.0,98.476,242.112
217,2020-10-26,New cases per ten million,303.02049999999997,514.5015999999999,133.1525,0.4822,227.9579,165.3593
218,2020-10-26,Deaths per million,31.843,48.803,19.443,0.0,29.536,18.02
221,2020-11-02,ICU patients per million,0.0,429.843,219.732,0.0,121.777,273.662
222,2020-11-02,New cases per ten million,318.1949,469.02650000000006,150.7644,0.4436,240.3533,233.5554
223,2020-11-02,Deaths per million,45.57,74.18,22.91,0.0,37.891,21.297
226,2020-11-09,ICU patients per million,0.0,497.07399999999996,268.455,0.0,135.538,321.814
227,2020-11-09,New cases per ten million,283.7299,272.9974,153.3672,0.3472,259.6396,297.0366
228,2020-11-09,Deaths per million,54.012,84.903,30.419,0.0,45.016,25.767
231,2020-11-16,ICU patients per million,0.0,482.016,300.613,0.0,147.98,385.362
232,2020-11-16,New cases per ten million,251.7942,177.8632,154.0125,0.5401,209.02870000000001,347.478
233,2020-11-16,Deaths per million,60.355,86.683,38.695,0.0,48.823,31.984
236,2020-11-23,ICU patients per million,0.0,416.395,320.896,0.0,149.52100000000002,435.524
237,2020-11-23,New cases per ten million,207.00459999999998,119.2651,147.6817,0.463,157.4014,343.6109
238,2020-11-23,Deaths per million,61.894,72.401,43.193,0.0,50.838,35.324
241,2020-11-30,ICU patients per million,0.0,353.016,335.312,0.0,134.11599999999999,476.228
242,2020-11-30,New cases per ten million,188.047,110.4375,153.8422,0.5015000000000001,155.8164,378.6492
243,2020-11-30,Deaths per million,61.054,61.321,53.736,0.0,48.69,43.753
246,2020-12-07,ICU patients per million,0.0,307.198,366.188,0.0,131.122,507.824
247,2020-12-07,New cases per ten million,194.8186,120.18889999999999,187.37349999999998,0.34709999999999996,205.14030000000002,434.0899
248,2020-12-07,Deaths per million,60.376999999999995,58.676,69.114,0.0,47.638,52.363
251,2020-12-14,ICU patients per million,0.0,289.50300000000004,407.497,0.0,141.285,535.1800000000001
252,2020-12-14,New cases per ten million,207.64460000000003,143.7782,209.4151,0.38570000000000004,322.49350000000004,448.70629999999994
253,2020-12-14,Deaths per million,60.43,52.347,77.486,0.0,53.577,55.768
256,2020-12-21,ICU patients per million,0.0,275.848,449.216,0.0,166.659,553.25
257,2020-12-21,New cases per ten million,174.9565,129.8041,166.5207,0.54,360.0546,402.058
258,2020-12-21,Deaths per million,51.566,48.262,68.706,0.0,62.613,54.193
261,2020-12-28,ICU patients per million,0.0,273.443,475.26800000000003,0.0,219.407,572.991
262,2020-12-28,New cases per ten million,187.49020000000002,137.6337,147.47899999999998,0.7135,559.5081,408.22839999999997
263,2020-12-28,Deaths per million,52.480999999999995,45.105,68.898,0.0,77.487,58.086
266,2021-01-04,ICU patients per million,0.0,269.551,464.185,0.0,303.1,587.707
267,2021-01-04,New cases per ten million,235.61829999999998,189.1836,174.5295,0.7714000000000001,626.1023,492.8172
268,2021-01-04,Deaths per million,54.291,53.059,69.078,0.0,98.134,63.546
271,2021-01-11,ICU patients per million,0.0,280.00600000000003,430.49199999999996,0.0,380.262,589.19
272,2021-01-11,New cases per ten million,217.7778,183.8902,142.6523,0.7714000000000001,470.8725,469.998
273,2021-01-11,Deaths per million,54.52,53.445,61.125,0.0,130.265,68.912
276,2021-01-18,ICU patients per million,0.0,296.152,403.313,0.0,414.685,548.113
277,2021-01-18,New cases per ten million,202.8812,201.386,114.6134,0.5206999999999999,364.6065,374.1942
278,2021-01-18,Deaths per million,54.778999999999996,52.827,49.262,0.0,144.024,66.497
281,2021-01-25,ICU patients per million,0.0,319.57,374.272,0.0,402.51,491.801
282,2021-01-25,New cases per ten million,185.26369999999997,205.21570000000003,93.7653,0.2893,254.5959,315.8904
283,2021-01-25,Deaths per million,51.068000000000005,48.881,37.208,0.0,126.976,65.768
286,2021-02-01,ICU patients per million,0.0,334.848,347.296,0.0,366.486,431.186
287,2021-02-01,New cases per ten million,155.7723,198.7586,77.4813,0.32789999999999997,193.9016,253.4069
288,2021-02-01,Deaths per million,45.101,47.488,27.204,0.0,98.578,59.417
291,2021-02-08,ICU patients per million,0.0,342.294,307.977,0.0,314.003,369.011
292,2021-02-08,New cases per ten million,132.974,170.88309999999998,60.965700000000005,0.3087,139.2615,198.224
293,2021-02-08,Deaths per million,38.684,44.749,20.151,0.0,74.953,58.641999999999996
296,2021-02-15,ICU patients per million,0.0,347.633,269.57,0.0,263.936,310.61
297,2021-02-15,New cases per ten million,136.0987,181.89249999999998,62.7673,0.405,118.7502,139.9643
298,2021-02-15,Deaths per million,32.707,38.931,17.728,0.193,57.236,42.661
301,2021-02-22,ICU patients per million,0.0,355.359,245.46,0.0,210.906,259.57800000000003
302,2021-02-22,New cases per ten million,158.18200000000002,197.5904,67.5976,0.40499999999999997,91.0752,137.678
303,2021-02-22,Deaths per million,30.296,33.283,14.718,0.0,39.165,39.493
306,2021-03-01,ICU patients per million,0.0,376.212,235.91199999999998,0.0,164.956,218.458
307,2021-03-01,New cases per ten million,173.2853,192.2722,70.0793,0.5206999999999999,61.4852,124.3723
308,2021-03-01,Deaths per million,29.433999999999997,31.458,12.582,0.0,26.678,30.878
311,2021-03-08,ICU patients per million,0.0,411.53000000000003,232.591,0.0,123.273,191.85
312,2021-03-08,New cases per ten million,195.7117,221.237,85.6317,0.4821,59.7196,113.51219999999999
313,2021-03-08,Deaths per million,31.253999999999998,28.966,13.242,0.0,18.606,25.301
316,2021-03-15,ICU patients per million,0.0,441.935,244.74,0.0,91.44,175.93200000000002
317,2021-03-15,New cases per ten million,223.9912,284.43850000000003,111.08330000000001,0.6173,56.5289,112.197
318,2021-03-15,Deaths per million,33.186,27.837,15.317,0.0,12.695,18.518
321,2021-03-22,ICU patients per million,0.0,486.206,275.446,0.0,67.576,172.756
322,2021-03-22,New cases per ten million,251.7131,346.5507,139.5097,0.5979,56.2695,123.50890000000001
323,2021-03-22,Deaths per million,35.799,28.378,18.304,0.0,9.687,18.065
326,2021-03-29,ICU patients per million,0.0,531.994,316.745,0.0,54.022999999999996,176.169
327,2021-03-29,New cases per ten million,242.6782,375.0884,131.9506,0.27,40.177,133.0102
328,2021-03-29,Deaths per million,38.009,30.313,19.072,0.0,6.341,15.821
331,2021-04-05,ICU patients per million,0.0,587.747,372.748,0.0,43.698,188.002
332,2021-04-05,New cases per ten million,210.93649999999997,314.4494,141.7635,1.4658,30.1145,134.7808
333,2021-04-05,Deaths per million,39.79,32.804,18.976,0.0,4.889,14.494
336,2021-04-12,ICU patients per million,0.0,610.178,396.882,0.0,35.447,197.34
337,2021-04-12,New cases per ten million,205.6885,312.803,170.35060000000001,0.25070000000000003,25.6796,138.1114
338,2021-04-12,Deaths per million,38.329,30.436,19.515,0.0,4.132,14.411
341,2021-04-19,ICU patients per million,0.0,616.2819999999999,420.64300000000003,0.0,27.685000000000002,201.976
342,2021-04-19,New cases per ten million,182.6089,277.69050000000004,173.5376,0.09649999999999999,24.77,120.0435
343,2021-04-19,Deaths per million,35.618,31.906,19.455,0.0,3.3770000000000002,13.955
346,2021-04-26,ICU patients per million,0.0,596.758,423.703,0.0,20.945,194.36599999999999
347,2021-04-26,New cases per ten million,153.4141,221.12869999999998,149.55530000000002,0.405,22.2799,100.0347
348,2021-04-26,Deaths per million,30.095,30.235,15.677,0.0,2.237,13.281
351,2021-05-03,ICU patients per million,0.0,543.391,400.961,0.0,17.286,182.229
352,2021-05-03,New cases per ten million,123.4478,164.9924,120.96340000000001,0.3857,21.4297,86.4124
353,2021-05-03,Deaths per million,24.081,23.721,12.115,0.0,1.8370000000000002,13.158000000000001
356,2021-05-10,ICU patients per million,0.0,464.748,359.904,0.0,13.628,162.513
357,2021-05-10,New cases per ten million,94.09909999999999,125.1342,84.858,0.1736,22.973200000000002,68.9793
358,2021-05-10,Deaths per million,18.912,18.398,8.108,0.0,1.54,11.744
361,2021-05-17,ICU patients per million,0.0,391.105,303.78,0.0,12.755,141.615
362,2021-05-17,New cases per ten million,76.2035,129.1341,63.176300000000005,0.3086,25.0604,53.6845
363,2021-05-17,Deaths per million,13.958,14.545,5.374,0.0,1.215,10.712
366,2021-05-24,ICU patients per million,0.0,333.329,240.638,0.0,12.754999999999999,123.495
367,2021-05-24,New cases per ten million,53.7722,93.446,35.8247,0.1158,33.1513,43.6935
368,2021-05-24,Deaths per million,10.143999999999998,11.946,3.131,0.0,1.2289999999999999,10.446
371,2021-05-31,ICU patients per million,0.0,277.587,175.615,0.0,13.792,106.322
372,2021-05-31,New cases per ten million,42.5621,71.9255,24.8051,0.1736,50.0365,29.2979
373,2021-05-31,Deaths per million,7.486,8.743,1.691,0.0,1.244,7.907
376,2021-06-07,ICU patients per million,0.0,233.23,128.333,0.0,16.841,90.717
377,2021-06-07,New cases per ten million,28.7992,41.7846,16.866999999999997,0.5014000000000001,74.0332,29.4319
378,2021-06-07,Deaths per million,7.173,5.493,0.804,0.0,1.29,7.756
381,2021-06-14,ICU patients per million,0.0,189.315,91.148,0.0,21.627000000000002,79.125
382,2021-06-14,New cases per ten million,20.3937,22.9317,8.7382,0.2123,99.3337,23.8336
383,2021-06-14,Deaths per million,4.654,4.781,0.564,0.0,1.482,5.208
386,2021-06-21,ICU patients per million,0.0,151.091,65.803,0.0,26.056,75.354
387,2021-06-21,New cases per ten million,18.4722,16.5412,5.8282,0.3472,159.2056,25.9059
388,2021-06-21,Deaths per million,4.3870000000000005,3.621,0.36,0.0,1.971,6.21
391,2021-06-28,ICU patients per million,0.0,121.643,50.606,0.0,31.862000000000002,77.262
392,2021-06-28,New cases per ten million,33.621,21.517400000000002,5.2633,0.3857,259.93,28.684600000000003
393,2021-06-28,Deaths per million,3.584,2.646,0.3,0.0,2.49,5.075
396,2021-07-05,ICU patients per million,0.0,102.104,39.691,0.0,43.461,87.912
397,2021-07-05,New cases per ten million,63.4373,36.0811,6.713500000000001,0.2122,334.1485,84.6937
398,2021-07-05,Deaths per million,2.261,2.197,0.3,0.0,3.746,4.46
401,2021-07-12,ICU patients per million,0.0,94.597,33.07,0.0,56.852000000000004,114.50200000000001
402,2021-07-12,New cases per ten million,89.85570000000001,72.1932,10.930800000000001,0.9257,478.8611,65.7954
403,2021-07-12,Deaths per million,1.63,1.485,0.36,0.0,4.859,5.708
406,2021-07-19,ICU patients per million,0.0,90.557,30.238,0.0,71.457,160.542
407,2021-07-19,New cases per ten million,105.6184,182.708,15.168600000000001,0.8871,380.83979999999997,106.13000000000001
408,2021-07-19,Deaths per million,2.12,1.841,0.48,0.0,7.629,6.161
411,2021-07-26,ICU patients per million,0.0,106.838,30.214,0.0,89.603,227.637
412,2021-07-26,New cases per ten million,104.01830000000001,221.55419999999998,18.618199999999998,0.2701,278.5112,161.7209
413,2021-07-26,Deaths per million,3.06,3.714,0.864,0.0,8.487,8.652000000000001
416,2021-08-02,ICU patients per million,0.0,145.665,33.322,0.0,90.566,313.452
417,2021-08-02,New cases per ten million,97.6805,227.66930000000002,24.4969,0.2122,287.2227,219.6506
418,2021-08-02,Deaths per million,3.849,4.364,1.068,0.0,9.644,13.163
421,2021-08-09,ICU patients per million,0.0,183.608,39.714999999999996,0.0,91.365,402.244
422,2021-08-09,New cases per ten million,99.04549999999999,233.54149999999998,38.4755,0.7329,300.9337,262.04269999999997
423,2021-08-09,Deaths per million,4.598,5.462,1.727,0.0,9.628,16.663
426,2021-08-16,ICU patients per million,0.0,210.711,52.705,0.0,97.068,475.44100000000003
427,2021-08-16,New cases per ten million,96.07039999999999,206.68110000000001,59.5563,2.4684,344.6684,301.5065
428,2021-08-16,Deaths per million,5.978,10.816,2.687,0.0,10.931000000000001,23.811
431,2021-08-23,ICU patients per million,0.0,232.123,74.32000000000001,0.0,100.239,521.754
432,2021-08-23,New cases per ten million,93.6095,173.4951,79.6103,8.9678,362.635,323.65430000000003
433,2021-08-23,Deaths per million,6.249,7.18,4.21,0.0,12.621,30.101
436,2021-08-30,ICU patients per million,0.0,233.73,98.788,0.0,105.718,535.135
437,2021-08-30,New cases per ten million,84.8937,132.7348,89.6451,5.2456,382.4916,338.24580000000003
438,2021-08-30,Deaths per million,7.1000000000000005,7.567,5.182,0.193,13.644000000000002,34.612
441,2021-09-06,ICU patients per million,0.0,226.18099999999998,117.021,0.0,108.993,532.643
442,2021-09-06,New cases per ten million,76.7904,100.2992,85.9495,3.0471,364.6496,302.2763
443,2021-09-06,Deaths per million,7.426,6.762,5.386,0.0,16.338,35.724000000000004
446,2021-09-13,ICU patients per million,0.0,200.168,128.572,0.0,107.216,510.023
447,2021-09-13,New cases per ten million,72.2274,72.3169,73.7329,2.5266,301.129,306.6761
448,2021-09-13,Deaths per million,7.909000000000001,5.973,4.618,0.0,16.118,40.173
451,2021-09-20,ICU patients per million,0.0,170.292,123.64,0.0,94.373,468.204
452,2021-09-20,New cases per ten million,68.887,55.88099999999999,64.3194,2.1601,358.5614,251.942
453,2021-09-20,Deaths per million,7.946,5.122,4.246,0.0,15.078,39.565
456,2021-09-27,ICU patients per million,0.0,147.184,115.126,0.0,83.42399999999999,411.848
457,2021-09-27,New cases per ten million,76.5361,47.837900000000005,67.7475,3.6254999999999997,348.5243,223.3848
458,2021-09-27,Deaths per million,9.276,4.271,5.074,0.0,13.257,38.405
461,2021-10-04,ICU patients per million,0.0,124.932,113.735,0.0,81.115,368.323
462,2021-10-04,New cases per ten million,84.6403,40.7665,69.5995,5.3034,377.3248,201.5974
463,2021-10-04,Deaths per million,10.802,2.955,5.865,0.193,12.443,34.539
466,2021-10-11,ICU patients per million,0.0,111.68900000000001,117.107,0.0,81.559,352.429
467,2021-10-11,New cases per ten million,100.604,48.1148,78.3965,7.6369,451.9447,172.1119
468,2021-10-11,Deaths per million,12.617,2.708,6.969,0.0,14.028,30.926000000000002
471,2021-10-18,ICU patients per million,0.0,105.659,128.751,0.0,90.121,317.44100000000003
472,2021-10-18,New cases per ten million,136.9898,52.9828,117.2162,13.2491,487.9665,150.3276
473,2021-10-18,Deaths per million,16.052,2.77,12.606,0.0,15.405000000000001,32.786
476,2021-10-25,ICU patients per million,0.0,107.149,152.969,0.0,98.713,278.909
477,2021-10-25,New cases per ten million,172.3709,59.4569,164.34120000000001,16.4118,422.3782,155.543
478,2021-10-25,Deaths per million,19.15,2.739,15.281,0.0,18.176000000000002,26.353
481,2021-11-01,ICU patients per million,0.0,112.721,193.931,0.0,106.103,239.90699999999998
482,2021-11-01,New cases per ten million,206.6909,74.361,213.34810000000002,20.3074,372.50919999999996,150.82070000000002
483,2021-11-01,Deaths per million,22.611,3.28,20.055,0.772,18.279,21.895
486,2021-11-08,ICU patients per million,0.0,120.537,236.501,0.0,103.661,233.788
487,2021-11-08,New cases per ten million,268.87420000000003,102.6837,325.2663,23.4894,394.1671,164.7049
488,2021-11-08,Deaths per million,25.68,3.605,27.42,0.193,16.576,22.256
491,2021-11-15,ICU patients per million,0.0,135.548,288.414,0.0,96.224,242.901
492,2021-11-15,New cases per ten million,343.0348,185.2193,421.8,25.1094,437.5095,200.0875
493,2021-11-15,Deaths per million,29.413,4.905,32.506,1.351,15.152999999999999,30.377
496,2021-11-22,ICU patients per million,0.0,157.123,351.698,0.0,95.617,260.582
497,2021-11-22,New cases per ten million,396.8512,302.07669999999996,483.8057,24.396,445.9292,175.1144
498,2021-11-22,Deaths per million,31.021,7.025,37.1,0.579,13.923,16.82
501,2021-11-29,ICU patients per million,0.0,199.873,397.759,0.0,93.531,284.804
502,2021-11-29,New cases per ten million,410.5551,446.87309999999997,465.46090000000004,17.1252,497.4142,222.004
503,2021-11-29,Deaths per million,31.877,9.578,34.365,0.193,13.937999999999999,24.548000000000002
506,2021-12-06,ICU patients per million,0.0,251.692,413.062,0.0,92.55,311.201
507,2021-12-06,New cases per ten million,387.725,521.8979,405.432,12.6706,539.336,246.8207
508,2021-12-06,Deaths per million,31.341,13.973,30.143,0.579,13.923,25.38
511,2021-12-13,ICU patients per million,0.0,294.766,400.577,0.0,91.113,329.722
512,2021-12-13,New cases per ten million,391.8884,558.0548,328.0599,9.874,898.1967,265.7806
513,2021-12-13,Deaths per million,29.992,15.984,23.918,0.386,12.976,26.796
516,2021-12-20,ICU patients per million,0.0,329.008,369.739,0.0,87.602,336.935
517,2021-12-20,New cases per ten million,480.924,804.2196,232.49650000000003,7.7333,1365.3541,418.9954
518,2021-12-20,Deaths per million,25.994999999999997,17.903,15.437,0.193,12.665000000000001,32.519999999999996
521,2021-12-27,ICU patients per million,0.0,359.798,332.422,0.0,89.885,375.973
522,2021-12-27,New cases per ten million,878.3388,1765.0991999999999,250.3255,7.772,1913.9258,801.6907
523,2021-12-27,Deaths per million,25.872999999999998,20.348,12.343,0.193,14.59,27.035
526,2022-01-03,ICU patients per million,0.0,387.183,293.14,0.0,88.834,457.696
527,2022-01-03,New cases per ten million,1259.3345,2671.0616999999997,405.28090000000003,8.2155,1955.7885,1384.2853
528,2022-01-03,Deaths per million,24.067999999999998,22.963,10.435,0.0,20.116,34.634
531,2022-01-10,ICU patients per million,0.0,403.993,249.64600000000002,0.0,79.234,525.755
532,2022-01-10,New cases per ten million,1481.022,3035.7643,583.0934,7.559900000000001,1071.8062,1670.4411
533,2022-01-10,Deaths per million,26.692999999999998,23.195,8.312,0.193,24.398,42.507999999999996
536,2022-01-17,ICU patients per million,0.0,394.998,211.922,0.0,68.48,539.242
537,2022-01-17,New cases per ten million,1830.8621999999998,3740.0112,955.7593,9.642800000000001,1081.6821,1490.7004
538,2022-01-17,Deaths per million,27.933,25.655,10.399,0.0,24.442,48.207
541,2022-01-24,ICU patients per million,0.0,381.255,194.482,0.0,57.251,505.674
542,2022-01-24,New cases per ten million,1969.8167999999998,3604.3566,1336.6368,15.2354,1056.9845,1120.1228999999998
543,2022-01-24,Deaths per million,29.195999999999998,29.91,13.398,0.0,21.951999999999998,54.401
546,2022-01-31,ICU patients per million,0.0,377.436,193.008,0.0,49.578,438.442
547,2022-01-31,New cases per ten million,1692.1531,2642.2361,1550.6087,30.2974,871.7957,646.9925
548,2022-01-31,Deaths per million,32.309,30.885,18.04,0.193,19.611,55.141999999999996
551,2022-02-07,ICU patients per million,0.0,355.331,201.498,0.0,43.476,350.391
552,2022-02-07,New cases per ten million,1282.3788,1483.35,1571.1257,68.9451,622.4242,361.2617
553,2022-02-07,Deaths per million,32.688,30.761,20.451,0.0,15.361,51.879999999999995
556,2022-02-14,ICU patients per million,0.0,317.387,205.889,0.0,36.039,259.647
557,2022-02-14,New cases per ten million,954.9818,875.7180000000001,1431.2982,226.1013,468.1751,209.334
558,2022-02-14,Deaths per million,31.512999999999998,27.001,21.423,0.0,14.012,45.44
561,2022-02-21,ICU patients per million,0.0,275.418,195.249,0.0,30.01,187.886
562,2022-02-21,New cases per ten million,761.6080999999999,608.958,1311.1372,1269.7268,372.7373,135.4673
563,2022-02-21,Deaths per million,26.592,20.595,19.731,0.579,12.487,38.565
566,2022-02-28,ICU patients per million,0.0,231.975,182.776,0.0,27.953,133.03199999999998
567,2022-02-28,New cases per ten million,743.8065,538.9172,1360.2149,2715.1234999999997,410.67310000000003,98.2911
568,2022-02-28,Deaths per million,22.903,16.928,19.264,1.7360000000000002,11.791,28.608
571,2022-03-07,ICU patients per million,0.0,200.582,179.64600000000002,0.0,27.049,92.67
572,2022-03-07,New cases per ten million,857.001,648.6924,1695.8723000000002,2645.1755000000003,648.0431,69.2695
573,2022-03-07,Deaths per million,19.392,12.688,21.327,7.136,11.525,25.441
576,2022-03-14,ICU patients per million,0.0,176.84,191.136,0.0,29.299,68.10600000000001
577,2022-03-14,New cases per ten million,942.7140999999999,907.2546,1898.1732,2311.5009,860.9941,61.7044
578,2022-03-14,Deaths per million,18.057000000000002,12.255,23.198,11.764,14.073,16.796
581,2022-03-21,ICU patients per million,0.0,158.95,196.27100000000002,0.0,33.61,51.427
582,2022-03-21,New cases per ten million,965.9363000000001,1318.3313,1905.8343,2174.5172000000002,898.2101,57.1903
583,2022-03-21,Deaths per million,17.119,11.249,22.562,13.115,17.419,14.753
586,2022-03-28,ICU patients per million,0.0,158.775,192.72,0.0,36.839,40.373
587,2022-03-28,New cases per ten million,840.5532000000001,1484.4625,1553.4695,1787.2485,709.0484,57.4845
588,2022-03-28,Deaths per million,15.688,12.394,18.424,25.457,18.842,12.333
591,2022-04-04,ICU patients per million,0.0,160.514,174.656,0.0,37.431,34.618
592,2022-04-04,New cases per ten million,685.3457999999999,1436.5179,1181.0026,1373.9639,442.9724,59.4732
593,2022-04-04,Deaths per million,14.219000000000001,12.193,15.497,20.442,21.109,10.248999999999999
596,2022-04-11,ICU patients per million,0.0,168.832,154.361,0.0,36.263,31.284
597,2022-04-11,New cases per ten million,564.5282,1272.5994,934.3282999999999,1073.0357,310.9469,73.2919
598,2022-04-11,Deaths per million,12.509,13.183,11.815,18.322,19.849,9.232
601,2022-04-18,ICU patients per million,0.0,171.029,140.88,0.0,34.41,30.311
602,2022-04-18,New cases per ten million,477.7948,834.2707,877.4144,1124.8168,217.28529999999998,88.8945
603,2022-04-18,Deaths per million,11.298,13.756,9.692,15.429,16.826999999999998,7.221
606,2022-04-25,ICU patients per million,0.0,166.974,120.152,0.0,31.994999999999997,32.647
607,2022-04-25,New cases per ten million,398.92470000000003,582.5926999999999,715.9867,1020.5024000000001,139.6378,111.9008
608,2022-04-25,Deaths per million,10.02,13.416,8.132,13.306000000000001,13.392,6.6259999999999994
611,2022-05-02,ICU patients per million,0.0,149.367,99.256,0.0,26.427,35.627
612,2022-05-02,New cases per ten million,321.48439999999994,409.9363,565.4802999999999,1013.2319,108.8153,137.6505
613,2022-05-02,Deaths per million,8.959,11.59,6.489,19.093,10.533,7.808
616,2022-05-09,ICU patients per million,0.0,133.085,84.443,0.0,20.649,39.021
617,2022-05-09,New cases per ten million,297.1111,335.33389999999997,490.27920000000006,1121.5769,89.3778,178.82729999999998
618,2022-05-09,Deaths per million,7.82,9.501,5.014,22.565,8.769,5.811
621,2022-05-16,ICU patients per million,0.0,116.453,73.288,0.0,19.583,47.126
622,2022-05-16,New cases per ten million,238.53820000000002,251.0405,350.8523,961.2,77.1381,217.12
623,2022-05-16,Deaths per million,6.83,7.211,3.958,16.972,6.5329999999999995,6.152
626,2022-05-23,ICU patients per million,0.0,107.384,59.721000000000004,0.0,0.0,50.519
627,2022-05-23,New cases per ten million,177.36229999999998,175.3998,224.4925,928.5500999999999,62.8998,218.9602
628,2022-05-23,Deaths per million,5.407,4.642,2.555,18.322,5.126,7.772
631,2022-05-30,ICU patients per million,0.0,96.543,54.432,0.0,0.0,54.345
632,2022-05-30,New cases per ten million,190.50979999999998,229.1207,294.0404,888.7065,66.2594,199.7182
633,2022-05-30,Deaths per million,4.823,5.091,2.675,14.271,3.925,5.85
636,2022-06-06,ICU patients per million,0.0,91.251,52.191,0.0,0.0,58.379
637,2022-06-06,New cases per ten million,221.35500000000002,299.8965,397.5466,921.1057000000001,110.1366,219.05579999999998
638,2022-06-06,Deaths per million,4.703,3.667,3.419,15.621,3.792,6.7509999999999994
641,2022-06-13,ICU patients per million,0.0,87.24,57.285000000000004,0.0,0.0,61.483999999999995
642,2022-06-13,New cases per ten million,289.1102,460.9973,496.33180000000004,543.3642,142.4463,198.7219
643,2022-06-13,Deaths per million,4.868,4.1,4.822,13.5,4.429,6.51
646,2022-06-20,ICU patients per million,0.0,86.21,66.656,0.0,0.0,64.191
647,2022-06-20,New cases per ten million,410.5812,706.6823999999999,688.7683,839.7218,192.96710000000002,209.77190000000002
648,2022-06-20,Deaths per million,5.337,4.503,6.789,16.198,5.6129999999999995,7.393
651,2022-06-27,ICU patients per million,0.0,95.66,80.821,0.0,0.0,69.862
652,2022-06-27,New cases per ten million,544.9875,1132.0194999999999,747.004,697.7432,237.3227,228.7303
653,2022-06-27,Deaths per million,6.016,4.085,7.317,17.55,7.599,7.811
656,2022-07-04,ICU patients per million,0.0,105.526,89.359,0.0,0.0,79.467
657,2022-07-04,New cases per ten million,627.7414,1398.7563,754.8881,1357.6485,289.7734,219.8613
658,2022-07-04,Deaths per million,7.567,6.561,8.42,22.372,10.028,7.254
661,2022-07-11,ICU patients per million,0.0,121.99600000000001,103.011,0.0,0.0,86.194
662,2022-07-11,New cases per ten million,599.2637,1058.0531,809.8012,1343.686,246.5287,262.5645
663,2022-07-11,Deaths per million,9.966,9.052,11.515,30.087,12.901,8.232
666,2022-07-18,ICU patients per million,0.0,133.5,115.414,0.0,0.0,92.576
667,2022-07-18,New cases per ten million,496.5919,808.1747,752.2852,1179.6643,163.4539,268.6142
668,2022-07-18,Deaths per million,11.266,11.311,13.542,30.278,15.774000000000001,9.42
671,2022-07-25,ICU patients per million,0.0,127.512,128.583,0.0,0.0,96.99
672,2022-07-25,New cases per ten million,380.7615,509.745,594.6143,995.1807,110.5247,280.22810000000004
673,2022-07-25,Deaths per million,11.668,9.238,12.451,29.7,12.620000000000001,9.201
676,2022-08-01,ICU patients per million,0.0,119.769,116.517,0.0,0.0,95.649
677,2022-08-01,New cases per ten million,284.28499999999997,328.3399,435.3325,752.1664000000001,84.36370000000001,232.95149999999998
678,2022-08-01,Deaths per million,10.385,8.185,9.488,0.0,9.6,9.639
681,2022-08-08,ICU patients per million,0.0,108.755,101.667,0.0,0.0,93.107
682,2022-08-08,New cases per ten million,221.5046,233.93760000000003,357.7937,592.0596,67.5822,207.4014
683,2022-08-08,Deaths per million,9.177,8.015,7.473,0.0,9.421,10.175
686,2022-08-15,ICU patients per million,0.0,101.205,89.781,0.0,0.0,90.182
687,2022-08-15,New cases per ten million,184.63129999999998,184.46890000000002,315.8564,514.5711,52.5101,190.6427
688,2022-08-15,Deaths per million,7.691000000000001,6.391,7.113,0.0,7.837,9.551
691,2022-08-22,ICU patients per million,0.0,88.774,75.758,0.0,0.0,85.59100000000001
692,2022-08-22,New cases per ten million,169.4581,181.1003,273.45500000000004,355.0623,43.5351,180.4161
693,2022-08-22,Deaths per million,6.579,4.905,4.762,0.0,6.281,9.52
696,2022-08-29,ICU patients per million,0.0,84.61500000000001,66.116,0.0,0.0,79.867
697,2022-08-29,New cases per ten million,150.0521,164.9026,242.0024,252.1365,43.271300000000004,171.55800000000002
698,2022-08-29,Deaths per million,5.7330000000000005,4.673,4.21,0.0,5.659,9.134
701,2022-09-05,ICU patients per million,0.0,78.982,60.2,0.0,0.0,76.883
702,2022-09-05,New cases per ten million,145.6584,173.8819,244.79360000000003,207.433,42.8729,132.8769
703,2022-09-05,Deaths per million,4.677,4.07,3.802,0.0,4.801,7.76
706,2022-09-12,ICU patients per million,0.0,75.206,58.438,0.0,0.0,69.757
707,2022-09-12,New cases per ten million,176.4689,292.2217,274.5753,61.2888,47.1226,120.2817
708,2022-09-12,Deaths per million,4.582,3.126,4.246,0.0,4.504,8.569
711,2022-09-19,ICU patients per million,0.0,72.789,59.432,0.0,0.0,65.068
712,2022-09-19,New cases per ten million,209.7965,357.0231,343.69140000000004,139.2208,63.2612,108.9969
713,2022-09-19,Deaths per million,4.682,3.358,6.237,0.0,4.742,7.997
716,2022-09-26,ICU patients per million,0.0,81.444,74.979,0.0,0.0,60.25
717,2022-09-26,New cases per ten million,296.5715,479.8549,550.3813,378.301,79.622,94.9582
718,2022-09-26,Deaths per million,5.803,3.358,10.555,0.0,6.176,8.816
721,2022-10-03,ICU patients per million,0.0,90.204,110.652,0.0,0.0,56.912
722,2022-10-03,New cases per ten million,358.32489999999996,596.4631999999999,712.5754,0.0,99.9809,82.9419
723,2022-10-03,Deaths per million,7.647,4.859,15.401,0.0,9.124,7.566
726,2022-10-10,ICU patients per million,0.0,98.949,140.266,0.0,0.0,54.493
727,2022-10-10,New cases per ten million,366.23799999999994,606.6741,773.6443,483.03960000000006,89.5303,74.2796
728,2022-10-10,Deaths per million,8.918,6.406,18.712,0.0,11.08,6.724
731,2022-10-17,ICU patients per million,0.0,108.196,150.126,0.0,0.0,55.806
732,2022-10-17,New cases per ten million,313.58910000000003,539.4774,653.2529999999999,279.42510000000004,78.4029,83.8731
733,2022-10-17,Deaths per million,9.248,8.077,17.716,0.0,11.525,8.736
736,2022-10-24,ICU patients per million,0.0,107.648,141.287,0.0,0.0,54.56
737,2022-10-24,New cases per ten million,224.3807,344.8811,448.4871,791.5277,55.7969,75.42530000000001
738,2022-10-24,Deaths per million,8.066,7.659,12.582,4.628,10.71,9.108
741,2022-10-31,ICU patients per million,0.0,107.708,123.775,0.0,0.0,54.234
742,2022-10-31,New cases per ten million,164.46859999999998,237.69920000000002,292.1656,0.0,41.9664,79.0163
743,2022-10-31,Deaths per million,6.532,6.886,8.372,0.0,9.243,7.281
746,2022-11-07,ICU patients per million,0.0,99.981,100.17999999999999,0.0,0.0,55.453
747,2022-11-07,New cases per ten million,154.1819,233.7349,242.3118,379.49670000000003,35.1894,83.62559999999999
748,2022-11-07,Deaths per million,5.9879999999999995,6.143,7.677,12.15,6.962,6.769
751,2022-11-14,ICU patients per million,0.0,99.952,82.188,0.0,0.0,57.964
752,2022-11-14,New cases per ten million,171.19580000000002,343.03049999999996,203.5112,422.0594,32.3988,81.2865
753,2022-11-14,Deaths per million,6.034,7.257,6.633,0.0,5.88,6.509
756,2022-11-21,ICU patients per million,0.0,102.503,76.153,0.0,0.0,61.805
757,2022-11-21,New cases per ten million,187.9489,454.3514,204.6172,477.4854,33.9377,88.7319
758,2022-11-21,Deaths per million,6.106999999999999,7.04,7.677,5.786,5.703,7.742
761,2022-11-28,ICU patients per million,0.0,112.648,76.585,0.0,0.0,72.042
762,2022-11-28,New cases per ten million,214.2072,594.2907,221.6929,614.4113,38.669,89.4496
763,2022-11-28,Deaths per million,6.8229999999999995,7.505,9.596,4.436,5.496,5.212
766,2022-12-05,ICU patients per million,0.0,120.036,82.909,0.0,0.0,78.234
767,2022-12-05,New cases per ten million,223.4538,664.8638,239.30120000000002,722.8720000000001,45.9909,136.6352
768,2022-12-05,Deaths per million,7.702999999999999,8.804,11.527,4.243,6.666,8.972
771,2022-12-12,ICU patients per million,0.0,138.573,92.202,0.0,0.0,85.212
772,2022-12-12,New cases per ten million,215.68619999999999,605.3109000000001,267.4264,766.0518,60.746,131.84369999999998
773,2022-12-12,Deaths per million,9.053,11.156,13.662,5.978,7.718,7.839
776,2022-12-19,ICU patients per million,0.0,148.88,103.49,0.0,0.0,88.369
777,2022-12-19,New cases per ten million,185.0349,463.96049999999997,276.774,0.0,72.0483,150.16969999999998
778,2022-12-19,Deaths per million,10.199,12.487,15.449,0.0,11.244,8.966
781,2022-12-26,ICU patients per million,0.0,151.887,115.259,0.0,0.0,97.381
782,2022-12-26,New cases per ten million,129.1058,234.74380000000002,181.8008,568.3193,61.6868,115.93699999999998
783,2022-12-26,Deaths per million,9.353,12.503,11.635,8.293,14.368,7.331
786,2023-01-02,ICU patients per million,0.0,141.921,111.491,0.0,0.0,106.137
787,2023-01-02,New cases per ten million,99.173,125.07070000000002,156.3107,0.0,49.4587,139.4408
788,2023-01-02,Deaths per million,8.626999999999999,11.992,9.944,11.957,14.043,8.171
791,2023-01-09,ICU patients per million,0.0,127.247,93.595,0.0,0.0,99.604
792,2023-01-09,New cases per ten million,69.697,67.3469,106.85999999999999,775.9645,28.9266,132.458
793,2023-01-09,Deaths per million,7.057,7.83,6.201,8.486,12.072,13.027
796,2023-01-16,ICU patients per million,0.0,114.108,68.622,0.0,0.0,86.59
797,2023-01-16,New cases per ten million,48.4593,49.0402,75.4074,333.8483,20.9379,91.05359999999999
798,2023-01-16,Deaths per million,5.452999999999999,6.158,4.054,5.978,10.029,10.831
801,2023-01-23,ICU patients per million,0.0,97.076,53.364,0.0,0.0,74.657
802,2023-01-23,New cases per ten million,45.5988,46.4189,87.9191,236.7853,24.4426,87.164
803,2023-01-23,Deaths per million,4.182,5.044,3.97,1.736,7.806,11.064
806,2023-01-30,ICU patients per million,0.0,85.63300000000001,51.255,0.0,0.0,67.125
807,2023-01-30,New cases per ten million,48.2696,40.4276,101.04729999999999,181.03140000000002,31.388399999999997,84.36609999999999
808,2023-01-30,Deaths per million,4.037,4.023,4.126,4.821,7.244,10.204
811,2023-02-06,ICU patients per million,0.0,80.10300000000001,56.841,0.0,0.0,62.277
812,2023-02-06,New cases per ten million,48.7282,34.885000000000005,103.8685,146.6456,34.4012,82.24539999999999
813,2023-02-06,Deaths per million,3.539,2.646,5.458,2.121,6.978,10.169
816,2023-02-13,ICU patients per million,0.0,77.315,68.119,0.0,0.0,61.682
817,2023-02-13,New cases per ten million,55.5603,37.3159,117.36859999999999,140.24290000000002,41.4108,75.1935
818,2023-02-13,Deaths per million,3.949,2.785,7.209,4.05,7.259,8.445
821,2023-02-20,ICU patients per million,0.0,75.414,84.09700000000001,0.0,0.0,58.933
822,2023-02-20,New cases per ten million,63.16929999999999,40.6551,136.0612,136.9258,41.2434,78.9761
823,2023-02-20,Deaths per million,3.768,2.63,7.185,1.543,7.643,6.982
826,2023-02-27,ICU patients per million,0.0,74.219,85.907,0.0,0.0,54.38
827,2023-02-27,New cases per ten million,56.6756,39.175799999999995,103.53979999999999,151.0427,40.347300000000004,67.34700000000001
828,2023-02-27,Deaths per million,3.702,2.352,6.417,1.157,8.576,6.494
831,2023-03-06,ICU patients per million,0.0,76.579,92.287,0.0,0.0,50.488
832,2023-03-06,New cases per ten million,49.556200000000004,55.474000000000004,52.486599999999996,193.4126,43.5765,50.4281
833,2023-03-06,Deaths per million,3.548,1.934,6.861,2.314,9.746,5.578
836,2023-03-13,ICU patients per million,0.0,78.024,100.998,0.0,0.0,45.514
837,2023-03-13,New cases per ten million,48.569500000000005,71.65,48.3472,195.4182,49.385999999999996,37.4274
838,2023-03-13,Deaths per million,4.1450000000000005,2.522,7.509,5.014,10.517,5.146
841,2023-03-20,ICU patients per million,0.0,77.596,101.69200000000001,0.0,0.0,44.123
842,2023-03-20,New cases per ten million,45.2196,84.4745,39.1496,191.3683,46.8812,45.218
843,2023-03-20,Deaths per million,3.7809999999999997,2.6,6.537,14.657,10.873,6.16
846,2023-03-27,ICU patients per million,0.0,53.425,90.991,0.0,0.0,40.743
847,2023-03-27,New cases per ten million,38.8318,88.6353,27.170499999999997,189.7483,37.2884,52.1322
848,2023-03-27,Deaths per million,3.632,3.249,5.17,4.821,10.221,5.161
851,2023-04-03,ICU patients per million,0.0,0.0,74.824,0.0,0.0,35.606
852,2023-04-03,New cases per ten million,32.308099999999996,85.6365,17.6071,205.4466,25.0235,30.5868
853,2023-04-03,Deaths per million,2.9610000000000003,2.909,3.335,0.0,8.902,5.111
856,2023-04-10,ICU patients per million,0.0,0.0,62.936,0.0,0.0,33.155
857,2023-04-10,New cases per ten million,31.143,81.24980000000001,15.6471,204.3281,22.0947,30.7597
858,2023-04-10,Deaths per million,2.851,2.507,3.646,5.593,8.132,3.813
861,2023-04-17,ICU patients per million,0.0,0.0,54.361,0.0,0.0,29.768
862,2023-04-17,New cases per ten million,30.765100000000004,75.16720000000001,13.755600000000001,246.83290000000002,18.994500000000002,29.1073
863,2023-04-17,Deaths per million,3.141,4.333,2.771,0.0,7.6579999999999995,3.541
866,2023-04-24,ICU patients per million,0.0,0.0,46.251,0.0,0.0,26.021
867,2023-04-24,New cases per ten million,25.6081,62.579499999999996,11.0268,212.1193,17.0229,25.5651
868,2023-04-24,Deaths per million,2.864,3.853,1.943,3.857,5.985,3.092
871,2023-05-01,ICU patients per million,0.0,0.0,38.948,0.0,0.0,23.595
872,2023-05-01,New cases per ten million,21.6722,48.4816,8.828100000000001,186.79770000000002,16.4422,22.8103
873,2023-05-01,Deaths per million,2.654,3.698,2.003,10.8,5.199,3.388
876,2023-05-08,ICU patients per million,0.0,0.0,30.382,0.0,0.0,22.254
877,2023-05-08,New cases per ten million,18.3134,37.5697,8.0461,214.125,13.2945,27.568099999999998
878,2023-05-08,Deaths per million,2.162,2.476,1.307,0.0,4.725,5.744
881,2023-05-15,ICU patients per million,0.0,0.0,26.302,0.0,0.0,21.16
882,2023-05-15,New cases per ten million,15.7824,31.952800000000003,5.2284999999999995,205.04160000000002,11.0979,0.0
883,2023-05-15,Deaths per million,1.966,2.043,1.02,19.478,4.059,0.0
886,2023-05-22,ICU patients per million,0.0,0.0,21.376,0.0,0.0,18.94
887,2023-05-22,New cases per ten million,16.549500000000002,39.0396,5.1242,244.88510000000002,10.0107,0.0
888,2023-05-22,Deaths per million,1.78,2.306,0.864,9.45,3.496,0.0
891,2023-05-29,ICU patients per million,0.0,0.0,17.429,0.0,0.0,18.0
892,2023-05-29,New cases per ten million,12.139800000000001,28.8024,3.3189,219.5442,7.7901,0.0
893,2023-05-29,Deaths per million,1.5419999999999998,1.733,0.66,0.0,2.9050000000000002,0.0
896,2023-06-05,ICU patients per million,0.0,0.0,14.849,0.0,0.0,16.994
897,2023-06-05,New cases per ten million,9.8976,24.1665,2.8691,0.0,7.248,0.0
898,2023-06-05,Deaths per million,1.35,1.64,0.384,18.514,2.49,0.0
901,2023-06-12,ICU patients per million,0.0,0.0,13.613,0.0,0.0,15.242
902,2023-06-12,New cases per ten million,7.5652,17.3303,2.4157,375.0225,5.3607,0.0
903,2023-06-12,Deaths per million,0.996,1.037,0.36,0.0,2.7560000000000002,0.0
906,2023-06-19,ICU patients per million,0.0,0.0,10.397,0.0,0.0,14.567
907,2023-06-19,New cases per ten million,5.882399999999999,12.3509,1.8328,145.1028,4.1536,0.0
908,2023-06-19,Deaths per million,0.78,0.959,0.18,7.521,1.673,0.0
911,2023-06-26,ICU patients per million,0.0,0.0,1.199,0.0,0.0,14.321
912,2023-06-26,New cases per ten million,2.8847,0.0,1.3182,0.0,3.247,0.0
913,2023-06-26,Deaths per million,0.45699999999999996,0.0,0.096,0.0,1.5110000000000001,0.0
916,2023-07-03,ICU patients per million,0.0,0.0,0.0,0.0,0.0,14.133
917,2023-07-03,New cases per ten million,1.9127,0.0,0.0,231.01889999999997,3.638,0.0
918,2023-07-03,Deaths per million,0.353,0.0,0.0,11.764,1.097,0.0
921,2023-07-10,ICU patients per million,0.0,0.0,0.0,0.0,0.0,14.647
922,2023-07-10,New cases per ten million,1.9727000000000001,0.0,0.0,88.8861,4.6142,0.0
923,2023-07-10,Deaths per million,0.33299999999999996,0.0,0.0,4.05,0.9339999999999999,0.0
926,2023-07-17,ICU patients per million,0.0,0.0,0.0,0.0,0.0,16.55
927,2023-07-17,New cases per ten million,2.1627,0.0,0.0,72.1464,5.3579,0.0
928,2023-07-17,Deaths per million,0.3,0.0,0.0,2.507,0.949,0.0
931,2023-07-24,ICU patients per million,0.0,0.0,0.0,0.0,0.0,18.094
932,2023-07-24,New cases per ten million,2.6769,0.0,0.0,60.0545,6.928100000000001,0.0
933,2023-07-24,Deaths per million,0.29700000000000004,0.0,0.0,3.086,1.2,0.0
936,2023-07-31,ICU patients per million,0.0,0.0,0.0,0.0,0.0,20.355
937,2023-07-31,New cases per ten million,3.5739,0.0,0.0,59.37949999999999,9.3454,0.0
938,2023-07-31,Deaths per million,0.37,0.0,0.0,7.907,1.4969999999999999,0.0
941,2023-08-07,ICU patients per million,0.0,0.0,0.0,0.0,0.0,22.855
942,2023-08-07,New cases per ten million,4.0827,0.0,0.0,74.6149,11.5021,0.0
943,2023-08-07,Deaths per million,0.34299999999999997,0.0,0.0,3.857,2.031,0.0
946,2023-08-14,ICU patients per million,0.0,0.0,0.0,0.0,0.0,28.576999999999998
947,2023-08-14,New cases per ten million,5.1312999999999995,0.0,0.0,87.3047,12.6427,0.0
948,2023-08-14,Deaths per million,0.45399999999999996,0.0,0.0,0.0,2.902,0.0
951,2023-08-21,ICU patients per million,0.0,0.0,0.0,0.0,0.0,33.436
952,2023-08-21,New cases per ten million,7.3660000000000005,0.0,0.0,63.3909,13.270900000000001,0.0
953,2023-08-21,Deaths per million,0.498,0.0,0.0,6.557,0.0,0.0
956,2023-08-28,ICU patients per million,0.0,0.0,0.0,0.0,0.0,38.396
957,2023-08-28,New cases per ten million,6.1582,0.0,0.0,54.0761,15.4512,0.0
958,2023-08-28,Deaths per million,0.355,0.0,0.0,0.0,0.0,0.0
961,2023-09-04,ICU patients per million,0.0,0.0,0.0,0.0,0.0,40.444
962,2023-09-04,New cases per ten million,8.804400000000001,0.0,0.0,55.9082,20.2995,0.0
963,2023-09-04,Deaths per million,0.40800000000000003,0.0,0.0,2.121,0.0,0.0
966,2023-09-11,ICU patients per million,0.0,0.0,0.0,0.0,0.0,24.274
967,2023-09-11,New cases per ten million,5.3617,0.0,0.0,53.3625,8.627,0.0
968,2023-09-11,Deaths per million,0.27899999999999997,0.0,0.0,2.893,0.0,0.0
971,2023-09-18,ICU patients per million,0.0,0.0,0.0,0.0,0.0,0.0
972,2023-09-18,New cases per ten million,0.0,0.0,0.0,0.0,0.0,0.0
973,2023-09-18,Deaths per million,0.0,0.0,0.0,0.0,0.0,0.0
976,2023-09-25,ICU patients per million,0.0,,,,,
977,2023-09-25,New cases per ten million,0.0,,,,,
978,2023-09-25,Deaths per million,0.0,,,,,
