,week_start,iso_code,location,average_weekly_percent_population_vaccinated,total_weekly_icu_patients_per_million,total_weekly_new_cases_per_ten_million,total_weekly_new_deaths_per_million,total_weekly_new_vaccinatons_per_thousand
0,2019-12-30,DEU,Germany,0.0,0.0,0.0012000000000000001,0.036,0.0
1,2019-12-30,FRA,France,0.0,0.0,0.0,0.0,0.0
2,2019-12-30,GBR,United Kingdom,0.0,0.0,0.0,0.0,0.0
3,2019-12-30,NZL,New Zealand,0.0,0.0,0.0,0.0,0.0
4,2019-12-30,OWID_EUN,European Union,0.0,0.0,0.0004,0.007,0.0
5,2019-12-30,USA,United States,0.0,0.0,0.0,0.0,0.0
6,2020-01-06,DEU,Germany,0.0,0.0,0.0,0.0,0.0
7,2020-01-06,FRA,France,0.0,0.0,0.0,0.0,0.0
8,2020-01-06,GBR,United Kingdom,0.0,0.0,0.0,0.0,0.0
9,2020-01-06,NZL,New Zealand,0.0,0.0,0.0,0.0,0.0
10,2020-01-06,OWID_EUN,European Union,0.0,0.0,0.0,0.0,0.0
11,2020-01-06,USA,United States,0.0,0.0,0.0,0.0,0.0
12,2020-01-13,DEU,Germany,0.0,0.0,0.0,0.0,0.0
13,2020-01-13,FRA,France,0.0,0.0,0.0,0.0,0.0
14,2020-01-13,GBR,United Kingdom,0.0,0.0,0.0,0.0,0.0
15,2020-01-13,NZL,New Zealand,0.0,0.0,0.0,0.0,0.0
16,2020-01-13,OWID_EUN,European Union,0.0,0.0,0.0004,0.0,0.0
17,2020-01-13,USA,United States,0.0,0.0,0.0,0.0,0.0
18,2020-01-20,DEU,Germany,0.0,0.0,0.0012000000000000001,0.036,0.0
19,2020-01-20,FRA,France,0.0,0.0,0.0046,0.0,0.0
20,2020-01-20,GBR,United Kingdom,0.0,0.0,0.0,0.0,0.0
21,2020-01-20,NZL,New Zealand,0.0,0.0,0.0,0.0,0.0
22,2020-01-20,OWID_EUN,European Union,0.0,0.0,0.0010999999999999998,0.007,0.0
23,2020-01-20,USA,United States,0.0,0.0,0.0021,0.0,0.0
24,2020-01-27,DEU,Germany,0.0,0.0,0.0108,0.036,0.0
25,2020-01-27,FRA,France,0.0,0.0,0.0046,0.0,0.0
26,2020-01-27,GBR,United Kingdom,0.0,0.0,0.0015,0.015,0.0
27,2020-01-27,NZL,New Zealand,0.0,0.0,0.0,0.0,0.0
28,2020-01-27,OWID_EUN,European Union,0.0,0.0,0.004,0.007,0.0
29,2020-01-27,USA,United States,0.0,0.0,0.0006000000000000001,0.0,0.0
30,2020-02-03,DEU,Germany,0.0,0.0,0.0108,0.0,0.0
31,2020-02-03,FRA,France,0.0,0.0,0.0093,0.0,0.0
32,2020-02-03,GBR,United Kingdom,0.0,0.0,0.029700000000000004,0.015,0.0
33,2020-02-03,NZL,New Zealand,0.0,0.0,0.0,0.0,0.0
34,2020-02-03,OWID_EUN,European Union,0.0,0.0,0.0042,0.0,0.0
35,2020-02-03,USA,United States,0.0,0.0,0.0033000000000000004,0.0,0.0
36,2020-02-10,DEU,Germany,0.0,0.0,0.006,0.0,0.0
37,2020-02-10,FRA,France,0.0,0.0,0.0,0.0,0.0
38,2020-02-10,GBR,United Kingdom,0.0,0.0,0.0163,0.0,0.0
39,2020-02-10,NZL,New Zealand,0.0,0.0,0.0,0.0,0.0
40,2020-02-10,OWID_EUN,European Union,0.0,0.0,0.0022,0.002,0.0
41,2020-02-10,USA,United States,0.0,0.0,0.0012000000000000001,0.0,0.0
42,2020-02-17,DEU,Germany,0.0,0.0,0.0072,0.012,0.0
43,2020-02-17,FRA,France,0.0,0.0,0.0062,0.0,0.0
44,2020-02-17,GBR,United Kingdom,0.0,0.0,0.0045000000000000005,0.0,0.0
45,2020-02-17,NZL,New Zealand,0.0,0.0,0.0,0.0,0.0
46,2020-02-17,OWID_EUN,European Union,0.0,0.0,0.021099999999999997,0.007,0.0
47,2020-02-17,USA,United States,0.0,0.0,0.0048000000000000004,0.0,0.0
48,2020-02-24,DEU,Germany,0.0,0.0,0.16670000000000001,0.012,0.0
49,2020-02-24,FRA,France,0.0,0.0,0.0,0.0,0.0
50,2020-02-24,GBR,United Kingdom,0.0,0.0,0.049,0.015,0.0
51,2020-02-24,NZL,New Zealand,0.0,0.0,0.0193,0.0,0.0
52,2020-02-24,OWID_EUN,European Union,0.0,0.0,0.3075,0.062,0.0
53,2020-02-24,USA,United States,0.0,0.0,0.0099,0.003,0.0
54,2020-03-02,DEU,Germany,0.0,0.0,1.0855000000000001,0.144,0.0
55,2020-03-02,FRA,France,0.0,0.0,0.0,0.0,0.0
56,2020-03-02,GBR,United Kingdom,0.0,0.0,0.4606,0.09,0.0
57,2020-03-02,NZL,New Zealand,0.0,0.0,0.0772,0.0,0.0
58,2020-03-02,OWID_EUN,European Union,0.0,0.0,1.8441,0.546,0.0
59,2020-03-02,USA,United States,0.0,0.0,0.11560000000000001,0.05399999999999999,0.0
60,2020-03-09,DEU,Germany,0.0,0.0,7.7258,1.008,0.0
61,2020-03-09,FRA,France,0.0,0.0,0.0,0.665,0.0
62,2020-03-09,GBR,United Kingdom,0.0,0.0,2.8159,0.6819999999999999,0.0
63,2020-03-09,NZL,New Zealand,0.0,0.0,0.05790000000000001,0.0,0.0
64,2020-03-09,OWID_EUN,European Union,0.0,0.0,8.9377,4.165,0.0
65,2020-03-09,USA,United States,0.0,0.0,1.0243,0.14900000000000002,0.0
66,2020-03-16,DEU,Germany,0.0,10.459,26.876600000000003,5.745,0.0
67,2020-03-16,FRA,France,0.0,91.38499999999999,0.0,10.367,0.0
68,2020-03-16,GBR,United Kingdom,0.0,0.0,8.080300000000001,6.354,0.0
69,2020-03-16,NZL,New Zealand,0.0,0.0,1.1185,0.0,0.0
70,2020-03-16,OWID_EUN,European Union,0.0,0.0,23.6689,16.825,0.0
71,2020-03-16,USA,United States,0.0,0.0,8.1249,0.901,0.0
72,2020-03-23,DEU,Germany,0.0,67.759,40.7593,17.5,0.0
73,2020-03-23,FRA,France,0.0,345.878,0.0,30.932,0.0
74,2020-03-23,GBR,United Kingdom,0.0,0.0,23.7688,29.698999999999998,0.0
75,2020-03-23,NZL,New Zealand,0.0,0.0,7.907,0.193,0.0
76,2020-03-23,OWID_EUN,European Union,0.0,0.0,38.254000000000005,36.509,0.0
77,2020-03-23,USA,United States,0.0,0.0,28.0512,5.121,0.0
78,2020-03-30,DEU,Germany,0.0,168.06,43.261399999999995,27.264,0.0
79,2020-03-30,FRA,France,0.0,633.138,0.0,50.691,0.0
80,2020-03-30,GBR,United Kingdom,0.0,129.035,42.6878,83.277,0.0
81,2020-03-30,NZL,New Zealand,0.0,0.0,7.6371,0.0,0.0
82,2020-03-30,OWID_EUN,European Union,0.0,0.0,34.655499999999996,45.827,0.0
83,2020-03-30,USA,United States,0.0,0.0,52.0711,19.634999999999998,0.0
84,2020-04-06,DEU,Germany,0.0,223.043,32.5597,22.526,0.0
85,2020-04-06,FRA,France,0.0,711.501,0.0,51.743,0.0
86,2020-04-06,GBR,United Kingdom,0.0,314.639,48.3344,132.93,0.0
87,2020-04-06,NZL,New Zealand,0.0,0.0,3.4135,0.579,0.0
88,2020-04-06,OWID_EUN,European Union,0.0,0.0,29.044800000000002,42.341,0.0
89,2020-04-06,USA,United States,0.0,0.0,64.7884,41.056,0.0
90,2020-04-13,DEU,Germany,0.0,236.226,20.8049,14.706,0.0
91,2020-04-13,FRA,France,0.0,634.952,0.0,42.243,0.0
92,2020-04-13,GBR,United Kingdom,0.0,333.971,45.874,134.53,0.0
93,2020-04-13,NZL,New Zealand,0.0,0.0,0.945,1.35,0.0
94,2020-04-13,OWID_EUN,European Union,0.0,0.0,22.6873,35.435,0.0
95,2020-04-13,USA,United States,0.0,0.0,57.9828,46.995000000000005,0.0
96,2020-04-20,DEU,Germany,0.0,227.41,14.814699999999998,8.72,0.0
97,2020-04-20,FRA,France,0.0,516.656,0.0,32.432,0.0
98,2020-04-20,GBR,United Kingdom,0.0,295.98900000000003,49.632,113.956,0.0
99,2020-04-20,NZL,New Zealand,0.0,0.0,0.4437,1.351,0.0
100,2020-04-20,OWID_EUN,European Union,0.0,0.0,17.5074,26.985,0.0
101,2020-04-20,USA,United States,0.0,0.0,60.6476,44.043,0.0
102,2020-04-27,DEU,Germany,0.0,187.273,8.9265,4.654,0.0
103,2020-04-27,FRA,France,0.0,417.972,0.0,21.756,0.0
104,2020-04-27,GBR,United Kingdom,0.0,230.755,47.1804,86.803,0.0
105,2020-04-27,NZL,New Zealand,0.0,0.0,0.2895,0.386,0.0
106,2020-04-27,OWID_EUN,European Union,0.0,0.0,11.538599999999999,18.716,0.0
107,2020-04-27,USA,United States,0.0,0.0,58.6586,40.307,0.0
108,2020-05-04,DEU,Germany,0.0,148.052,7.4883,3.095,0.0
109,2020-05-04,FRA,France,0.0,314.57,0.0,16.34,0.0
110,2020-05-04,GBR,United Kingdom,0.0,178.673,35.5908,66.776,0.0
111,2020-05-04,NZL,New Zealand,0.0,0.0,0.1544,0.193,0.0
112,2020-05-04,OWID_EUN,European Union,0.0,0.0,9.2052,13.825,0.0
113,2020-05-04,USA,United States,0.0,0.0,53.8727,37.713,0.0
114,2020-05-11,DEU,Germany,0.0,111.93599999999999,5.7275,1.979,0.0
115,2020-05-11,FRA,France,0.0,237.46200000000002,1.0476,12.534,0.0
116,2020-05-11,GBR,United Kingdom,0.0,138.085,29.654,47.993,0.0
117,2020-05-11,NZL,New Zealand,0.0,0.0,0.0965,0.0,0.0
118,2020-05-11,OWID_EUN,European Union,0.0,0.0,7.6891,10.08,0.0
119,2020-05-11,USA,United States,0.0,0.0,49.9666,29.945999999999998,0.0
120,2020-05-18,DEU,Germany,0.0,84.455,4.3229,1.331,0.0
121,2020-05-18,FRA,France,0.0,179.671,6.7155000000000005,8.696,0.0
122,2020-05-18,GBR,United Kingdom,0.0,104.681,25.0426,38.055,0.0
123,2020-05-18,NZL,New Zealand,0.0,0.0,0.0964,0.0,0.0
124,2020-05-18,OWID_EUN,European Union,0.0,0.0,7.0826,7.226,0.0
125,2020-05-18,USA,United States,0.0,0.0,49.1665,25.297,0.0
126,2020-05-25,DEU,Germany,0.0,63.787,3.8455,0.78,0.0
127,2020-05-25,FRA,France,0.0,145.414,5.3167,7.288,0.0
128,2020-05-25,GBR,United Kingdom,0.0,79.187,17.3502,29.121,0.0
129,2020-05-25,NZL,New Zealand,0.0,0.0,0.0,0.193,0.0
130,2020-05-25,OWID_EUN,European Union,0.0,0.0,6.2231,5.284,0.0
131,2020-05-25,USA,United States,0.0,0.0,43.2871,20.131,0.0
132,2020-06-01,DEU,Germany,0.0,52.105,2.8236,0.528,0.0
133,2020-06-01,FRA,France,0.0,116.821,4.2475000000000005,5.122,0.0
134,2020-06-01,GBR,United Kingdom,0.0,60.288,13.1598,20.976,0.0
135,2020-06-01,NZL,New Zealand,0.0,0.0,0.0,0.0,0.0
136,2020-06-01,OWID_EUN,European Union,0.0,0.0,5.6997,4.195,0.0
137,2020-06-01,USA,United States,0.0,0.0,44.2755,17.697,0.0
138,2020-06-08,DEU,Germany,0.0,40.087,2.8164000000000002,0.42,0.0
139,2020-06-08,FRA,France,0.0,91.944,4.0649,3.992,0.0
140,2020-06-08,GBR,United Kingdom,0.0,44.512,10.446000000000002,15.316,0.0
141,2020-06-08,NZL,New Zealand,0.0,0.0,0.0,0.0,0.0
142,2020-06-08,OWID_EUN,European Union,0.0,0.0,5.8872,3.442,0.0
143,2020-06-08,USA,United States,0.0,0.0,44.8953,15.875,0.0
144,2020-06-15,DEU,Germany,0.0,33.046,5.0282,0.492,0.0
145,2020-06-15,FRA,France,0.0,75.959,3.5078000000000005,2.46,0.0
146,2020-06-15,GBR,United Kingdom,0.0,36.409,10.209,11.051,0.0
147,2020-06-15,NZL,New Zealand,0.0,0.0,0.0965,0.0,0.0
148,2020-06-15,OWID_EUN,European Union,0.0,0.0,6.3223,2.715,0.0
149,2020-06-15,USA,United States,0.0,0.0,53.215,13.17,0.0
150,2020-06-22,DEU,Germany,0.0,29.902,3.7987,0.252,0.0
151,2020-06-22,FRA,France,0.0,64.499,3.1318,1.718,0.0
152,2020-06-22,GBR,United Kingdom,0.0,30.38,7.8064,9.406,0.0
153,2020-06-22,NZL,New Zealand,0.0,0.0,0.3279,0.0,0.0
154,2020-06-22,OWID_EUN,European Union,0.0,0.0,6.2188,1.7040000000000002,0.0
155,2020-06-22,USA,United States,0.0,0.0,76.3482,17.977,0.0
156,2020-06-29,DEU,Germany,0.0,27.130000000000003,3.2278,0.312,0.0
157,2020-06-29,FRA,France,0.0,56.553,3.596,1.547,0.0
158,2020-06-29,GBR,United Kingdom,0.0,25.301000000000002,6.3326,6.755,0.0
159,2020-06-29,NZL,New Zealand,0.0,0.0,0.1351,0.0,0.0
160,2020-06-29,OWID_EUN,European Union,0.0,0.0,5.7274,1.8010000000000002,0.0
161,2020-06-29,USA,United States,0.0,0.0,101.1459,13.158,0.0
162,2020-07-06,DEU,Germany,0.0,23.582,2.9135,0.3,0.0
163,2020-07-06,FRA,France,0.0,50.653999999999996,4.4146,1.857,0.0
164,2020-07-06,GBR,United Kingdom,0.0,19.212,6.3444,5.229,0.0
165,2020-07-06,NZL,New Zealand,0.0,0.0,0.2123,0.0,0.0
166,2020-07-06,OWID_EUN,European Union,0.0,0.0,6.132300000000001,1.484,0.0
167,2020-07-06,USA,United States,0.0,0.0,115.9376,16.345,0.0
168,2020-07-13,DEU,Germany,0.0,21.269,3.6512000000000002,0.372,0.0
169,2020-07-13,FRA,France,0.0,47.114,5.4312,1.455,0.0
170,2020-07-13,GBR,United Kingdom,0.0,15.004,6.4289000000000005,3.748,0.0
171,2020-07-13,NZL,New Zealand,0.0,0.0,0.1737,0.0,0.0
172,2020-07-13,OWID_EUN,European Union,0.0,0.0,7.995,1.357,0.0
173,2020-07-13,USA,United States,0.0,150.676,137.8307,19.705,0.0
174,2020-07-20,DEU,Germany,0.0,20.837,4.7211,0.396,0.0
175,2020-07-20,FRA,France,0.0,41.629999999999995,8.611,1.516,0.0
176,2020-07-20,GBR,United Kingdom,0.0,11.495,7.3605,3.051,0.0
177,2020-07-20,NZL,New Zealand,0.0,0.0,0.05790000000000001,0.0,0.0
178,2020-07-20,OWID_EUN,European Union,0.0,0.0,10.7487,1.3860000000000001,0.0
179,2020-07-20,USA,United States,0.0,264.814,138.3137,22.84,0.0
180,2020-07-27,DEU,Germany,0.0,21.821,5.8091,0.444,0.0
181,2020-07-27,FRA,France,0.0,36.63,11.877500000000001,1.191,0.0
182,2020-07-27,GBR,United Kingdom,0.0,9.244,8.1826,2.593,0.0
183,2020-07-27,NZL,New Zealand,0.0,0.0,0.1737,0.0,0.0
184,2020-07-27,OWID_EUN,European Union,0.0,0.0,14.000399999999999,1.5310000000000001,0.0
185,2020-07-27,USA,United States,0.0,297.195,127.4794,24.08,0.0
186,2020-08-03,DEU,Germany,0.0,20.320999999999998,7.277200000000001,0.408,0.0
187,2020-08-03,FRA,France,0.0,37.501,16.8646,1.068,0.0
188,2020-08-03,GBR,United Kingdom,0.0,7.243,9.5069,2.149,0.0
189,2020-08-03,NZL,New Zealand,0.0,0.0,0.0772,0.0,0.0
190,2020-08-03,OWID_EUN,European Union,0.0,0.0,17.8502,1.914,0.0
191,2020-08-03,USA,United States,0.0,285.54,111.1204,23.055,0.0
192,2020-08-10,DEU,Germany,0.0,19.037,9.561,0.372,0.0
193,2020-08-10,FRA,France,0.0,36.792,25.7634,1.424,0.0
194,2020-08-10,GBR,United Kingdom,0.0,7.776,11.5496,2.237,0.0
195,2020-08-10,NZL,New Zealand,0.0,0.0,1.0028000000000001,0.0,0.0
196,2020-08-10,OWID_EUN,European Union,0.0,0.0,22.8717,2.488,0.0
197,2020-08-10,USA,United States,0.0,261.70799999999997,107.20429999999999,21.886,0.0
198,2020-08-17,DEU,Germany,0.0,19.409,11.491,0.372,0.0
199,2020-08-17,FRA,France,0.0,37.662,39.0056,1.826,0.0
200,2020-08-17,GBR,United Kingdom,0.0,7.510999999999999,11.4473,1.674,0.0
201,2020-08-17,NZL,New Zealand,0.0,0.0,1.0221,0.0,0.0
202,2020-08-17,OWID_EUN,European Union,0.0,0.0,28.0935,2.419,0.0
203,2020-08-17,USA,United States,0.0,234.41,93.3483,19.737000000000002,0.0
204,2020-08-24,DEU,Germany,0.0,19.889,10.6082,0.216,0.0
205,2020-08-24,FRA,France,0.0,39.918,58.417100000000005,1.718,0.0
206,2020-08-24,GBR,United Kingdom,0.0,6.888,13.1152,1.482,0.0
207,2020-08-24,NZL,New Zealand,0.0,0.0,1.0414,0.0,0.0
208,2020-08-24,OWID_EUN,European Union,0.0,0.0,33.8868,2.5949999999999998,0.0
209,2020-08-24,USA,United States,0.0,209.026,87.1874,18.75,0.0
210,2020-08-31,DEU,Germany,0.0,19.097,10.3263,0.42,0.0
211,2020-08-31,FRA,France,0.0,46.333,77.67229999999999,1.95,0.0
212,2020-08-31,GBR,United Kingdom,0.0,7.629,22.994,1.2890000000000001,0.0
213,2020-08-31,NZL,New Zealand,0.0,0.0,0.8292999999999999,0.386,0.0
214,2020-08-31,OWID_EUN,European Union,0.0,0.0,38.8407,3.016,0.0
215,2020-08-31,USA,United States,0.0,191.858,87.2781,16.863,0.0
216,2020-09-07,DEU,Germany,0.0,19.277,11.7369,0.816,0.0
217,2020-09-07,FRA,France,0.0,62.599,95.0568,3.992,0.0
218,2020-09-07,GBR,United Kingdom,0.0,9.421,33.5274,1.718,0.0
219,2020-09-07,NZL,New Zealand,0.0,0.0,0.48210000000000003,0.0,0.0
220,2020-09-07,OWID_EUN,European Union,0.0,0.0,47.1588,3.69,0.0
221,2020-09-07,USA,United States,0.0,178.608,72.60669999999999,14.713000000000001,0.0
222,2020-09-14,DEU,Germany,0.0,20.573,14.735499999999998,0.984,0.0
223,2020-09-14,FRA,France,0.0,81.503,113.7008,6.638,0.0
224,2020-09-14,GBR,United Kingdom,0.0,13.597,38.2911,2.799,0.0
225,2020-09-14,NZL,New Zealand,0.0,0.0,0.34719999999999995,0.193,0.0
226,2020-09-14,OWID_EUN,European Union,0.0,0.0,57.391200000000005,4.8500000000000005,0.0
227,2020-09-14,USA,United States,0.0,166.023,83.0581,15.301,0.0
228,2020-09-21,DEU,Germany,0.0,24.852,15.669900000000002,1.319,0.0
229,2020-09-21,FRA,France,0.0,106.19,112.19680000000001,8.65,0.0
230,2020-09-21,GBR,United Kingdom,0.0,24.619,65.7587,3.941,0.0
231,2020-09-21,NZL,New Zealand,0.0,0.0,0.2508,0.0,0.0
232,2020-09-21,OWID_EUN,European Union,0.0,0.0,59.4657,5.794,0.0
233,2020-09-21,USA,United States,0.0,162.833,90.0926,14.116999999999999,0.0
234,2020-09-28,DEU,Germany,0.0,31.45,19.1268,1.451,0.0
235,2020-09-28,FRA,France,0.0,128.898,115.7712,8.681,0.0
236,2020-09-28,GBR,United Kingdom,0.0,35.432,109.7781,6.104,0.0
237,2020-09-28,NZL,New Zealand,0.0,0.0,0.405,0.0,0.0
238,2020-09-28,OWID_EUN,European Union,0.0,0.0,66.3937,6.465999999999999,0.0
239,2020-09-28,USA,United States,0.0,165.753,88.193,13.855,0.0
240,2020-10-05,DEU,Germany,0.0,41.238,31.360300000000002,2.963,0.0
241,2020-10-05,FRA,France,0.0,147.877,179.7386,10.677,0.0
242,2020-10-05,GBR,United Kingdom,0.0,45.43,163.7029,8.709,0.0
243,2020-10-05,NZL,New Zealand,0.0,0.0,0.32799999999999996,0.0,0.0
244,2020-10-05,OWID_EUN,European Union,0.0,0.0,100.8415,8.703,0.0
245,2020-10-05,USA,United States,0.0,178.651,98.8055,13.643,0.0
246,2020-10-12,DEU,Germany,0.0,55.836,50.4151,5.566,0.0
247,2020-10-12,FRA,France,0.0,179.538,259.6995,14.901,0.0
248,2020-10-12,GBR,United Kingdom,0.0,59.295,177.8698,13.481,0.0
249,2020-10-12,NZL,New Zealand,0.0,0.0,0.2894,0.0,0.0
250,2020-10-12,OWID_EUN,European Union,0.0,0.0,151.538,12.131,0.0
251,2020-10-12,USA,United States,0.0,195.185,114.5863,14.191,0.0
252,2020-10-19,DEU,Germany,0.0,87.778,89.7111,12.175,0.0
253,2020-10-19,FRA,France,0.0,240.439,404.3674,27.45,0.0
254,2020-10-19,GBR,United Kingdom,0.0,76.08,224.5052,21.554000000000002,0.0
255,2020-10-19,NZL,New Zealand,0.0,0.0,0.945,0.0,0.0
256,2020-10-19,OWID_EUN,European Union,0.0,0.0,234.6257,19.703,0.0
257,2020-10-19,USA,United States,0.0,217.721,132.8559,16.918,0.0
258,2020-10-26,DEU,Germany,0.0,143.181,133.1525,19.443,0.0
259,2020-10-26,FRA,France,0.0,327.85699999999997,514.5015999999999,48.803,0.0
260,2020-10-26,GBR,United Kingdom,0.0,98.476,227.9579,29.536,0.0
261,2020-10-26,NZL,New Zealand,0.0,0.0,0.4822,0.0,0.0
262,2020-10-26,OWID_EUN,European Union,0.0,0.0,303.02049999999997,31.843,0.0
263,2020-10-26,USA,United States,0.0,242.112,165.3593,18.02,0.0
264,2020-11-02,DEU,Germany,0.0,219.732,150.7644,22.91,0.0
265,2020-11-02,FRA,France,0.0,429.843,469.02650000000006,74.18,0.0
266,2020-11-02,GBR,United Kingdom,0.0,121.777,240.3533,37.891,0.0
267,2020-11-02,NZL,New Zealand,0.0,0.0,0.4436,0.0,0.0
268,2020-11-02,OWID_EUN,European Union,0.0,0.0,318.1949,45.57,0.0
269,2020-11-02,USA,United States,0.0,273.662,233.5554,21.297,0.0
270,2020-11-09,DEU,Germany,0.0,268.455,153.3672,30.419,0.0
271,2020-11-09,FRA,France,0.0,497.07399999999996,272.9974,84.903,0.0
272,2020-11-09,GBR,United Kingdom,0.0,135.538,259.6396,45.016,0.0
273,2020-11-09,NZL,New Zealand,0.0,0.0,0.3472,0.0,0.0
274,2020-11-09,OWID_EUN,European Union,0.0,0.0,283.7299,54.012,0.0
275,2020-11-09,USA,United States,0.0,321.814,297.0366,25.767,0.0
276,2020-11-16,DEU,Germany,0.0,300.613,154.0125,38.695,0.0
277,2020-11-16,FRA,France,0.0,482.016,177.8632,86.683,0.0
278,2020-11-16,GBR,United Kingdom,0.0,147.98,209.02870000000001,48.823,0.0
279,2020-11-16,NZL,New Zealand,0.0,0.0,0.5401,0.0,0.0
280,2020-11-16,OWID_EUN,European Union,0.0,0.0,251.7942,60.355,0.0
281,2020-11-16,USA,United States,0.0,385.362,347.478,31.984,0.0
282,2020-11-23,DEU,Germany,0.0,320.896,147.6817,43.193,0.0
283,2020-11-23,FRA,France,0.0,416.395,119.2651,72.401,0.0
284,2020-11-23,GBR,United Kingdom,0.0,149.52100000000002,157.4014,50.838,0.0
285,2020-11-23,NZL,New Zealand,0.0,0.0,0.463,0.0,0.0
286,2020-11-23,OWID_EUN,European Union,0.0,0.0,207.00459999999998,61.894,0.0
287,2020-11-23,USA,United States,0.0,435.524,343.6109,35.324,0.0
288,2020-11-30,DEU,Germany,0.0,335.312,153.8422,53.736,0.0
289,2020-11-30,FRA,France,0.0,353.016,110.4375,61.321,0.0
290,2020-11-30,GBR,United Kingdom,0.0,134.11599999999999,155.8164,48.69,0.0
291,2020-11-30,NZL,New Zealand,0.0,0.0,0.5015000000000001,0.0,0.0
292,2020-11-30,OWID_EUN,European Union,0.0,0.0,188.047,61.054,0.0
293,2020-11-30,USA,United States,0.0,476.228,378.6492,43.753,0.0
294,2020-12-07,DEU,Germany,0.0,366.188,187.37349999999998,69.114,0.0
295,2020-12-07,FRA,France,0.0,307.198,120.18889999999999,58.676,0.0
296,2020-12-07,GBR,United Kingdom,0.0,131.122,205.14030000000002,47.638,0.0
297,2020-12-07,NZL,New Zealand,0.0,0.0,0.34709999999999996,0.0,0.0
298,2020-12-07,OWID_EUN,European Union,0.0,0.0,194.8186,60.376999999999995,0.0
299,2020-12-07,USA,United States,0.00040831425766598047,507.824,434.0899,52.363,0.0
300,2020-12-14,DEU,Germany,0.0,407.497,209.4151,77.486,0.0
301,2020-12-14,FRA,France,0.0,289.50300000000004,143.7782,52.347,0.0
302,2020-12-14,GBR,United Kingdom,0.0,141.285,322.49350000000004,53.577,0.0
303,2020-12-14,NZL,New Zealand,0.0,0.0,0.38570000000000004,0.0,0.0
304,2020-12-14,OWID_EUN,European Union,0.0,0.0,207.64460000000003,60.43,2.6657970658917923e-05
305,2020-12-14,USA,United States,0.0035393147754163986,535.1800000000001,448.70629999999994,55.768,3.548974285531045
306,2020-12-21,DEU,Germany,0.0,449.216,166.5207,68.706,0.0
307,2020-12-21,FRA,France,0.0,275.848,129.8041,48.262,0.0
308,2020-12-21,GBR,United Kingdom,0.0,166.659,360.0546,62.613,0.0
309,2020-12-21,NZL,New Zealand,0.0,0.0,0.54,0.0,0.0
310,2020-12-21,OWID_EUN,European Union,1.5867839677927335e-07,0.0,174.9565,51.566,0.0032922593763763637
311,2020-12-21,USA,United States,0.00668023915815301,553.25,402.058,54.193,5.52137454573867
312,2020-12-28,DEU,Germany,0.0,475.26800000000003,147.47899999999998,68.898,3.342599673934843
313,2020-12-28,FRA,France,5.266583946188151e-06,273.443,137.6337,45.105,0.05902997950245528
314,2020-12-28,GBR,United Kingdom,0.0,219.407,559.5081,77.487,0.0
315,2020-12-28,NZL,New Zealand,0.0,0.0,0.7135,0.0,0.0
316,2020-12-28,OWID_EUN,European Union,2.6531027941494507e-05,0.0,187.49020000000002,52.480999999999995,1.3352377698712161
317,2020-12-28,USA,United States,0.01419357622459379,572.991,408.22839999999997,58.086,9.313007600204246
318,2021-01-04,DEU,Germany,0.0,464.185,174.5295,69.078,4.513634666925113
319,2021-01-04,FRA,France,0.00010027575833542241,269.551,189.1836,53.059,1.5695810537802486
320,2021-01-04,GBR,United Kingdom,0.08282480241896104,303.1,626.1023,98.134,0.0
321,2021-01-04,NZL,New Zealand,0.0,0.0,0.7714000000000001,0.0,0.0
322,2021-01-04,OWID_EUN,European Union,0.00014782479443957103,0.0,235.61829999999998,54.291,4.776481879767608
323,2021-01-04,USA,United States,0.19984953799079164,587.707,492.8172,63.546,16.924128520129198
324,2021-01-11,DEU,Germany,0.0038557965669256756,430.49199999999996,142.6523,61.125,6.510100055367745
325,2021-01-11,FRA,France,0.0006688561611658953,280.00600000000003,183.8902,53.445,5.179832775426541
326,2021-01-11,GBR,United Kingdom,0.6499488770324737,380.262,470.8725,130.265,27.20870908112076
327,2021-01-11,NZL,New Zealand,0.0,0.0,0.7714000000000001,0.0,0.0
328,2021-01-11,OWID_EUN,European Union,0.0016469230801720782,0.0,217.7778,54.52,6.881579627292824
329,2021-01-11,USA,United States,0.6432944043955354,589.19,469.998,68.912,21.36792419811725
330,2021-01-18,DEU,Germany,0.1905958180697343,403.313,114.6134,49.262,8.149170011601317
331,2021-01-18,FRA,France,0.002238508840487812,296.152,201.386,52.827,10.074145075428016
332,2021-01-18,GBR,United Kingdom,0.6892374324235492,414.685,364.6065,144.024,37.46535125364737
333,2021-01-18,NZL,New Zealand,0.0,0.0,0.5206999999999999,0.0,0.0
334,2021-01-18,OWID_EUN,European Union,0.08103724764925103,0.0,202.8812,54.778999999999996,7.825547254315327
335,2021-01-18,USA,United States,1.0839349554720317,548.113,374.1942,66.497,25.045374106635936
336,2021-01-25,DEU,Germany,0.5523402022327772,374.272,93.7653,37.208,7.745174993738743
337,2021-01-25,FRA,France,0.04464757073548898,319.57,205.21570000000003,48.881,8.703124769586951
338,2021-01-25,GBR,United Kingdom,0.7125056748042955,402.51,254.5959,126.976,40.68391775571755
339,2021-01-25,NZL,New Zealand,0.0,0.0,0.2893,0.0,0.0
340,2021-01-25,OWID_EUN,European Union,0.3829362582428274,0.0,185.26369999999997,51.068000000000005,8.975292199849129
341,2021-01-25,USA,United States,1.8786264505329164,491.801,315.8904,65.768,30.67004172894856
342,2021-02-01,DEU,Germany,1.0613094615510836,347.296,77.4813,27.204,10.160952689845633
343,2021-02-01,FRA,France,0.289488530433482,334.848,198.7586,47.488,8.831846401132527
344,2021-02-01,GBR,United Kingdom,0.7486977089119833,366.486,193.9016,98.578,44.675730039649864
345,2021-02-01,NZL,New Zealand,0.0,0.0,0.32789999999999997,0.0,0.0
346,2021-02-01,OWID_EUN,European Union,0.9213502113234934,0.0,155.7723,45.101,9.982430331343046
347,2021-02-01,USA,United States,3.0497253303898737,431.186,253.4069,59.417,34.76603803337218
348,2021-02-08,DEU,Germany,1.582756340388117,307.977,60.965700000000005,20.151,10.490340391681212
349,2021-02-08,FRA,France,0.8160883606388155,342.294,170.88309999999998,44.749,11.76405703921077
350,2021-02-08,GBR,United Kingdom,0.783536483017808,314.003,139.2615,74.953,44.93025930670867
351,2021-02-08,NZL,New Zealand,0.0,0.0,0.3087,0.0,0.0
352,2021-02-08,OWID_EUN,European Union,1.4750004957985845,0.0,132.974,38.684,10.401857955700242
353,2021-02-08,USA,United States,4.612257128987042,369.011,198.224,58.641999999999996,38.38073110888669
354,2021-02-15,DEU,Germany,2.031907633332561,269.57,62.7673,17.728,10.988925971310488
355,2021-02-15,FRA,France,1.5565258241677218,347.633,181.89249999999998,38.931,12.241369648887382
356,2021-02-15,GBR,United Kingdom,0.8702371744428873,263.936,118.7502,57.236,37.156325497412666
357,2021-02-15,NZL,New Zealand,2.755046880841991e-06,0.0,0.405,0.193,0.026228046305615753
358,2021-02-15,OWID_EUN,European Union,1.9793130650414932,0.0,136.0987,32.707,12.05598059209099
359,2021-02-15,USA,United States,6.204529188466963,310.61,139.9643,42.661,31.179823494323163
360,2021-02-22,DEU,Germany,2.4637936898317867,245.46,67.5976,14.718,13.935579101507212
361,2021-02-22,FRA,France,2.251324756525824,355.359,197.5904,33.283,12.58966569831743
362,2021-02-22,GBR,United Kingdom,1.085444874607838,210.906,91.0752,39.165,40.63316891855621
363,2021-02-22,NZL,New Zealand,1.9285328165893937e-05,0.0,0.40499999999999997,0.0,1.2645389678376653
364,2021-02-22,OWID_EUN,European Union,2.3917905756197557,0.0,158.18200000000002,30.296,14.515720430779567
365,2021-02-22,USA,United States,8.1112261990414,259.57800000000003,137.678,39.493,43.96751701594032
366,2021-03-01,DEU,Germany,2.9056520062548143,235.91199999999998,70.0793,12.582,18.49817631891821
367,2021-03-01,FRA,France,2.7930082938163983,376.212,192.2722,31.458,19.485806556265022
368,2021-03-01,GBR,United Kingdom,1.501034089556889,164.956,61.4852,26.678,35.974955967310756
369,2021-03-01,NZL,New Zealand,3.8570656331787874e-05,0.0,0.5206999999999999,0.0,1.7165870600462192
370,2021-03-01,OWID_EUN,European Union,2.7787324161038414,0.0,173.2853,29.433999999999997,18.490494943945986
371,2021-03-01,USA,United States,10.1105662898911,218.458,124.3723,30.878,50.085306134630294
372,2021-03-08,DEU,Germany,3.37274212627218,232.591,85.6317,13.242,21.696923011966916
373,2021-03-08,FRA,France,3.2556549418463803,411.53000000000003,221.237,28.966,23.44202439060357
374,2021-03-08,GBR,United Kingdom,2.107725201213151,123.273,59.7196,18.606,37.67801939583228
375,2021-03-08,NZL,New Zealand,0.00019836337542062337,0.0,0.4821,0.0,1.4546923035533796
376,2021-03-08,OWID_EUN,European Union,3.2163350005567755,0.0,195.7117,31.253999999999998,20.31591281380072
377,2021-03-08,USA,United States,12.24699021759274,191.85,113.51219999999999,25.301,53.66349205575943
378,2021-03-15,DEU,Germany,3.897209967400338,244.74,111.08330000000001,15.317,17.55093928451824
379,2021-03-15,FRA,France,3.5977332622695606,441.935,284.43850000000003,27.837,18.697137716956927
380,2021-03-15,GBR,United Kingdom,2.954141402215891,91.44,56.5289,12.695,62.44890306077406
381,2021-03-15,NZL,New Zealand,0.03193650344272036,0.0,0.6173,0.0,2.5925266653411216
382,2021-03-15,OWID_EUN,European Union,3.7269441824693206,0.0,223.9912,33.186,17.72124365662203
383,2021-03-15,USA,United States,14.391502010799707,175.93200000000002,112.197,18.518,54.00364709723959
384,2021-03-22,DEU,Germany,4.507294587244362,275.446,139.5097,18.304,25.15478019389266
385,2021-03-22,FRA,France,3.9169971623645696,486.206,346.5507,28.378,27.443056641057026
386,2021-03-22,GBR,United Kingdom,4.483582947977647,67.576,56.2695,9.687,56.968695225769814
387,2021-03-22,NZL,New Zealand,0.16496669713105674,0.0,0.5979,0.0,3.807116633229122
388,2021-03-22,OWID_EUN,European Union,4.368395984234287,0.0,251.7131,35.799,24.659982416002684
389,2021-03-22,USA,United States,16.645771328461844,172.756,123.50890000000001,18.065,59.99607922030036
390,2021-03-29,DEU,Germany,5.1814753564187175,316.745,131.9506,19.072,23.417941068376766
391,2021-03-29,FRA,France,4.4455900785984985,531.994,375.0884,30.313,29.538584047306564
392,2021-03-29,GBR,United Kingdom,7.082335842811345,54.022999999999996,40.177,6.341,42.786824547197725
393,2021-03-29,NZL,New Zealand,0.30761200443353165,0.0,0.27,0.0,5.5130967627841
394,2021-03-29,OWID_EUN,European Union,5.082888340635775,0.0,242.6782,38.009,26.126375180018222
395,2021-03-29,USA,United States,19.664852988421522,176.169,133.0102,15.821,64.74130870776095
396,2021-04-05,DEU,Germany,5.8343543146332735,372.748,141.7635,18.976,40.04067897935273
397,2021-04-05,FRA,France,5.219752639085216,587.747,314.4494,32.804,31.765561175585802
398,2021-04-05,GBR,United Kingdom,9.718789355107427,43.698,30.1145,4.889,41.96528886190711
399,2021-04-05,NZL,New Zealand,0.4419536004371488,0.0,1.4658,0.0,7.050715977450823
400,2021-04-05,OWID_EUN,European Union,5.779499387182604,0.0,210.93649999999997,39.79,34.360520258110554
401,2021-04-05,USA,United States,23.245793985616878,188.002,134.7808,14.494,72.59124553826409
402,2021-04-12,DEU,Germany,6.450577673789809,396.882,170.35060000000001,19.515,44.578375105433814
403,2021-04-12,FRA,France,6.364551255448282,610.178,312.803,30.436,38.07967498857151
404,2021-04-12,GBR,United Kingdom,13.328814086817443,35.447,25.6796,4.132,47.95966566559426
405,2021-04-12,NZL,New Zealand,0.6523482655864091,0.0,0.25070000000000003,0.0,9.590207990335736
406,2021-04-12,OWID_EUN,European Union,6.559060168623705,0.0,205.6885,38.329,38.42005156748945
407,2021-04-12,USA,United States,26.87612382070025,197.34,138.1114,14.411,62.38614497503585
408,2021-04-19,DEU,Germany,6.983227816129739,420.64300000000003,173.5376,19.455,42.72671028275933
409,2021-04-19,FRA,France,7.748905919851019,616.2819999999999,277.69050000000004,31.906,37.89025703036291
410,2021-04-19,GBR,United Kingdom,17.27602190534979,27.685000000000002,24.77,3.3770000000000002,52.81554133811263
411,2021-04-19,NZL,New Zealand,0.9534170336779411,0.0,0.09649999999999999,0.0,10.715314035533988
412,2021-04-19,OWID_EUN,European Union,7.457466181957861,0.0,182.6089,35.618,39.1802280373016
413,2021-04-19,USA,United States,30.12935404973285,201.976,120.0435,13.955,57.226605103996974
414,2021-04-26,DEU,Germany,7.705736785114891,423.703,149.55530000000002,15.677,57.036177591320794
415,2021-04-26,FRA,France,9.339467358766019,596.758,221.12869999999998,30.235,41.381740964121924
416,2021-04-26,GBR,United Kingdom,21.40495762347246,20.945,22.2799,2.237,51.07181662587602
417,2021-04-26,NZL,New Zealand,1.3187224748431847,0.0,0.405,0.0,11.217696834255525
418,2021-04-26,OWID_EUN,European Union,8.654468854563182,0.0,153.4141,30.095,45.67958123829175
419,2021-04-26,USA,United States,33.3337771905117,194.36599999999999,100.0347,13.281,50.69178012834059
420,2021-05-03,DEU,Germany,8.916599130538609,400.961,120.96340000000001,12.115,61.37570852960735
421,2021-05-03,FRA,France,11.098857993937107,543.391,164.9924,23.721,48.32352203854718
422,2021-05-03,GBR,United Kingdom,24.828545872589583,17.286,21.4297,1.8370000000000002,47.86081949210398
423,2021-05-03,NZL,New Zealand,1.8946732904238455,0.0,0.3857,0.0,15.754570285282075
424,2021-05-03,OWID_EUN,European Union,10.287135442440947,0.0,123.4478,24.081,52.310782540663354
425,2021-05-03,USA,United States,36.4304086189161,182.229,86.4124,13.158000000000001,42.176928296661664
426,2021-05-10,DEU,Germany,10.689030777968217,359.904,84.858,8.108,60.751034186943386
427,2021-05-10,FRA,France,12.931943727603851,464.748,125.1342,18.398,52.93896450533084
428,2021-05-10,GBR,United Kingdom,28.53386677156763,13.628,22.973200000000002,1.54,54.26289047127035
429,2021-05-10,NZL,New Zealand,2.550170574595057,0.0,0.1736,0.0,16.345279887003404
430,2021-05-10,OWID_EUN,European Union,12.213056495741188,0.0,94.09909999999999,18.912,53.86445127911863
431,2021-05-10,USA,United States,39.0871950523822,162.513,68.9793,11.744,39.16236258647968
432,2021-05-17,DEU,Germany,13.126216352854428,303.78,63.176300000000005,5.374,62.03741065114195
433,2021-05-17,FRA,France,14.295772618398074,391.105,129.1341,14.545,54.518292952678685
434,2021-05-17,GBR,United Kingdom,32.15269541713496,12.755,25.0604,1.215,58.859156067872256
435,2021-05-17,NZL,New Zealand,3.2056843890475535,0.0,0.3086,0.0,16.226289412219842
436,2021-05-17,OWID_EUN,European Union,14.3333870837361,0.0,76.2035,13.958,54.485950764065535
437,2021-05-17,USA,United States,41.311920728375945,141.615,53.6845,10.712,36.159606275631276
438,2021-05-24,DEU,Germany,16.35417864713255,240.638,35.8247,3.131,58.822674962552405
439,2021-05-24,FRA,France,15.731720003117818,333.329,93.446,11.946,50.9036467933877
440,2021-05-24,GBR,United Kingdom,36.2180717188949,12.754999999999999,33.1513,1.2289999999999999,58.623853885061976
441,2021-05-24,NZL,New Zealand,3.997145991835198,0.0,0.1158,0.0,19.68993435081439
442,2021-05-24,OWID_EUN,European Union,16.83909183312628,0.0,53.7722,10.143999999999998,52.81200126199722
443,2021-05-24,USA,United States,42.96712415419616,123.495,43.6935,10.446,23.882560640541346
444,2021-05-31,DEU,Germany,20.165017880395528,175.615,24.8051,1.691,60.635284894393465
445,2021-05-31,FRA,France,17.918774950441446,277.587,71.9255,8.743,60.009363986256325
446,2021-05-31,GBR,United Kingdom,39.74095518258501,13.792,50.0365,1.244,51.23235833549502
447,2021-05-31,NZL,New Zealand,4.863914046063778,0.0,0.1736,0.0,21.944196360125733
448,2021-05-31,OWID_EUN,European Union,19.766254750845878,0.0,42.5621,7.486,58.77363653682633
449,2021-05-31,USA,United States,44.181008321033254,106.322,29.2979,7.907,20.379029633096653
450,2021-06-07,DEU,Germany,24.767089976080424,128.333,16.866999999999997,0.804,74.60719607954148
451,2021-06-07,FRA,France,20.490410814614137,233.23,41.7846,5.493,59.892675445711
452,2021-06-07,GBR,United Kingdom,43.17507092690663,16.841,74.0332,1.29,48.739295787449535
453,2021-06-07,NZL,New Zealand,5.620111048776645,0.0,0.5014000000000001,0.0,19.833417192368643
454,2021-06-07,OWID_EUN,European Union,22.991049563184223,0.0,28.7992,7.173,63.25863572241422
455,2021-06-07,USA,United States,45.7181261571311,90.717,29.4319,7.756,21.14117486277803
456,2021-06-14,DEU,Germany,29.65188593038305,91.148,8.7382,0.564,72.65505127513738
457,2021-06-14,FRA,France,23.673294206125668,189.315,22.9317,4.781,60.42126141005412
458,2021-06-14,GBR,United Kingdom,45.73327257636784,21.627000000000002,99.3337,1.482,43.03830236637117
459,2021-06-14,NZL,New Zealand,6.6257499960809465,0.0,0.2123,0.0,24.74307603684192
460,2021-06-14,OWID_EUN,European Union,26.432367363328076,0.0,20.3937,4.654,61.25982774690122
461,2021-06-14,USA,United States,46.98948098858411,79.125,23.8336,5.208,16.378924468843664
462,2021-06-21,DEU,Germany,34.176359905966684,65.803,5.8282,0.36,69.99261363581842
463,2021-06-21,FRA,France,27.515130895677398,151.091,16.5412,3.621,60.5881320690723
464,2021-06-21,GBR,United Kingdom,47.51286280509167,26.056,159.2056,1.971,36.448197020909944
465,2021-06-21,NZL,New Zealand,7.816607990137372,0.0,0.3472,0.0,25.670893174903078
466,2021-06-21,OWID_EUN,European Union,30.082168964190057,0.0,18.4722,4.3870000000000005,60.45711848490277
467,2021-06-21,USA,United States,47.83430611815753,75.354,25.9059,6.21,12.747290300067407
468,2021-06-28,DEU,Germany,37.92558401729656,50.606,5.2633,0.3,62.00176226798564
469,2021-06-28,FRA,France,31.870195769458444,121.643,21.517400000000002,2.646,61.13156769351009
470,2021-06-28,GBR,United Kingdom,49.230251532922985,31.862000000000002,259.93,2.49,30.215614715065275
471,2021-06-28,NZL,New Zealand,8.952692897155782,0.0,0.3857,0.0,23.614305779292145
472,2021-06-28,OWID_EUN,European Union,33.818825756119196,0.0,33.621,3.584,59.129480458166896
473,2021-06-28,USA,United States,48.49909823232434,77.262,28.684600000000003,5.075,10.276592508880904
474,2021-07-05,DEU,Germany,41.521126482053596,39.691,6.713500000000001,0.3,55.212544488510474
475,2021-07-05,FRA,France,36.06641541550187,102.104,36.0811,2.197,58.63403772138086
476,2021-07-05,GBR,United Kingdom,50.927482294449774,43.461,334.1485,3.746,25.445090706214064
477,2021-07-05,NZL,New Zealand,10.1198382027088,0.0,0.2122,0.0,24.97411426826933
478,2021-07-05,OWID_EUN,European Union,37.556161786793595,0.0,63.4373,2.261,55.65574694652995
479,2021-07-05,USA,United States,49.02776768874965,87.912,84.6937,4.46,9.99971160826058
480,2021-07-12,DEU,Germany,45.35481330624394,33.07,10.930800000000001,0.36,50.8589437139378
481,2021-07-12,FRA,France,40.06495825705564,94.597,72.1932,1.485,63.949198531255064
482,2021-07-12,GBR,United Kingdom,52.66058788340046,56.852000000000004,478.8611,4.859,23.965923563067264
483,2021-07-12,NZL,New Zealand,11.310952416125147,0.0,0.9257,0.0,26.222067853884326
484,2021-07-12,OWID_EUN,European Union,41.39567896148808,0.0,89.85570000000001,1.63,52.86658567841891
485,2021-07-12,USA,United States,49.55247672069042,114.50200000000001,65.7954,5.708,10.032121684429107
486,2021-07-19,DEU,Germany,48.70372238758216,30.238,15.168600000000001,0.48,40.29656288173277
487,2021-07-19,FRA,France,43.941347318571445,90.557,182.708,1.841,70.72521492929084
488,2021-07-19,GBR,United Kingdom,54.47624042795503,71.457,380.83979999999997,7.629,21.66867212956815
489,2021-07-19,NZL,New Zealand,12.594751916706779,0.0,0.8871,0.0,36.506354804910586
490,2021-07-19,OWID_EUN,European Union,44.89565549977637,0.0,105.6184,2.12,48.359344859311264
491,2021-07-19,USA,United States,50.035852728276055,160.542,106.13000000000001,6.161,11.625211132550188
492,2021-07-26,DEU,Germany,51.66492051733405,30.214,18.618199999999998,0.864,36.43811718962157
493,2021-07-26,FRA,France,47.0117324743886,106.838,221.55419999999998,3.714,64.50466724669312
494,2021-07-26,GBR,United Kingdom,56.203149376931584,89.603,278.5112,8.487,20.756274398992158
495,2021-07-26,NZL,New Zealand,13.948245838233069,0.0,0.2701,0.0,49.13863046013443
496,2021-07-26,OWID_EUN,European Union,47.90188303878781,0.0,104.01830000000001,3.06,43.19144399635876
497,2021-07-26,USA,United States,50.49012081521001,227.637,161.7209,8.652000000000001,13.30204237634604
498,2021-08-02,DEU,Germany,54.28145683653191,33.322,24.4969,1.068,31.886603116906546
499,2021-08-02,FRA,France,49.30641722720675,145.665,227.66930000000002,4.364,52.749177886246
500,2021-08-02,GBR,United Kingdom,57.85368113552933,90.566,287.2227,9.644,19.75068900508223
501,2021-08-02,NZL,New Zealand,15.335750813503354,0.0,0.2122,0.0,51.15259728049873
502,2021-08-02,OWID_EUN,European Union,50.411582770702346,0.0,97.6805,3.849,37.53231004358172
503,2021-08-02,USA,United States,50.96554235937327,313.452,219.6506,13.163,14.515141122055992
504,2021-08-09,DEU,Germany,56.68687055860283,39.714999999999996,38.4755,1.727,30.443119478218982
505,2021-08-09,FRA,France,51.665547271804186,183.608,233.54149999999998,5.462,46.61731526403492
506,2021-08-09,GBR,United Kingdom,59.548977338348216,91.365,300.9337,9.628,21.124699699014663
507,2021-08-09,NZL,New Zealand,17.005818906966557,0.0,0.7329,0.0,57.900533605745025
508,2021-08-09,OWID_EUN,European Union,52.6240400365195,0.0,99.04549999999999,4.598,32.641927541178774
509,2021-08-09,USA,United States,51.50987205480971,402.244,262.04269999999997,16.663,15.28867303665174
510,2021-08-16,DEU,Germany,58.55633472659726,52.705,59.5563,2.687,24.588124434447757
511,2021-08-16,FRA,France,54.42192837024506,210.711,206.68110000000001,10.816,46.00988011148305
512,2021-08-16,GBR,United Kingdom,61.22442135448769,97.068,344.6684,10.931000000000001,21.689143493536914
513,2021-08-16,NZL,New Zealand,18.784716862316778,0.0,2.4684,0.0,54.87929409527608
514,2021-08-16,OWID_EUN,European Union,54.556703207956176,0.0,96.07039999999999,5.978,28.462437585332303
515,2021-08-16,USA,United States,52.184132042923906,475.44100000000003,301.5065,23.811,17.45767984246031
516,2021-08-23,DEU,Germany,59.8601433255548,74.32000000000001,79.6103,4.21,20.417971295135025
517,2021-08-23,FRA,France,57.566387818601996,232.123,173.4951,7.18,44.60941117484848
518,2021-08-23,GBR,United Kingdom,62.744658827727,100.239,362.635,12.621,18.52805086425892
519,2021-08-23,NZL,New Zealand,21.282525015894553,0.0,8.9678,0.0,106.6355221473673
520,2021-08-23,OWID_EUN,European Union,56.35540937864685,0.0,93.6095,6.249,26.4413901977971
521,2021-08-23,USA,United States,52.96808076410578,521.754,323.65430000000003,30.101,18.270107395712156
522,2021-08-30,DEU,Germany,60.86670585635559,98.788,89.6451,5.182,17.459623288229892
523,2021-08-30,FRA,France,60.424427469659214,233.73,132.7348,7.567,38.11508117912495
524,2021-08-30,GBR,United Kingdom,63.897784477852575,105.718,382.4916,13.644000000000002,14.411321784126475
525,2021-08-30,NZL,New Zealand,24.42350161885177,0.0,5.2456,0.193,106.69202815889336
526,2021-08-30,OWID_EUN,European Union,58.005541538979706,0.0,84.8937,7.1000000000000005,23.50797376446043
527,2021-08-30,USA,United States,53.78184478748138,535.135,338.24580000000003,34.612,16.886220200466195
528,2021-09-06,DEU,Germany,61.70123974946198,117.021,85.9495,5.386,16.118478816799936
529,2021-09-06,FRA,France,62.37760859169439,226.18099999999998,100.2992,6.762,26.79689735006562
530,2021-09-06,GBR,United Kingdom,64.8827433960531,108.993,364.6496,16.338,11.289897977358137
531,2021-09-06,NZL,New Zealand,27.236660703551365,0.0,3.0471,0.0,83.36777371521626
532,2021-09-06,OWID_EUN,European Union,59.35995245126944,0.0,76.7904,7.426,19.062086264824284
533,2021-09-06,USA,United States,54.47194351748883,532.643,302.2763,35.724000000000004,14.20304781471189
534,2021-09-13,DEU,Germany,62.55837671204427,128.572,73.7329,4.618,17.272697176820778
535,2021-09-13,FRA,France,63.79359225264435,200.168,72.3169,5.973,22.90279150015484
536,2021-09-13,GBR,United Kingdom,65.61993024787965,107.216,301.129,16.118,8.414012035384472
537,2021-09-13,NZL,New Zealand,30.081367830083476,0.0,2.5266,0.0,74.25217765104317
538,2021-09-13,OWID_EUN,European Union,60.47949001255813,0.0,72.2274,7.909000000000001,17.001247413085537
539,2021-09-13,USA,United States,55.22470909004817,510.023,306.6761,40.173,14.269133154261652
540,2021-09-20,DEU,Germany,63.42372801894375,123.64,64.3194,4.246,16.590903856838395
541,2021-09-20,FRA,France,64.90504917936089,170.292,55.88099999999999,5.122,18.775338062023504
542,2021-09-20,GBR,United Kingdom,66.13576799035062,94.373,358.5614,15.078,6.695291420383222
543,2021-09-20,NZL,New Zealand,33.4220908419955,0.0,2.1601,0.0,64.22399985805998
544,2021-09-20,OWID_EUN,European Union,61.43738642924991,0.0,68.887,7.946,14.779258907216073
545,2021-09-20,USA,United States,55.90760938622832,468.204,251.942,39.565,14.241848859931526
546,2021-09-27,DEU,Germany,64.17616473432462,115.126,67.7475,5.074,12.796390157399847
547,2021-09-27,FRA,France,65.77993115521465,147.184,47.837900000000005,4.271,15.777196112839722
548,2021-09-27,GBR,United Kingdom,66.50990618486418,83.42399999999999,348.5243,13.257,25.887209953953356
549,2021-09-27,NZL,New Zealand,37.2951026865206,0.0,3.6254999999999997,0.0,57.744129594319624
550,2021-09-27,OWID_EUN,European Union,62.19950223469182,0.0,76.5361,9.276,12.935384835675148
551,2021-09-27,USA,United States,56.4862464319018,411.848,223.3848,38.405,20.247807844406662
552,2021-10-04,DEU,Germany,64.74100054819414,113.735,69.5995,5.865,11.943167936990164
553,2021-10-04,FRA,France,66.45852986469093,124.932,40.7665,2.955,14.939716573518352
554,2021-10-04,GBR,United Kingdom,66.8170193900595,81.115,377.3248,12.443,23.183804881771504
555,2021-10-04,NZL,New Zealand,43.012780965535384,0.0,5.3034,0.193,93.60269022613782
556,2021-10-04,OWID_EUN,European Union,62.78240377086439,0.0,84.6403,10.802,13.753882280796345
557,2021-10-04,USA,United States,57.011417240283514,368.323,201.5974,34.539,18.108207773158885
558,2021-10-11,DEU,Germany,65.27953017199368,117.107,78.3965,6.969,11.739497161083673
559,2021-10-11,FRA,France,67.01856660438054,111.68900000000001,48.1148,2.708,14.259227581732116
560,2021-10-11,GBR,United Kingdom,67.09868601691485,81.559,451.9447,14.028,30.48303116494089
561,2021-10-11,NZL,New Zealand,50.449437685288956,0.0,7.6369,0.0,98.79873619387463
562,2021-10-11,OWID_EUN,European Union,63.34009930717993,0.0,100.604,12.617,13.234187364298295
563,2021-10-11,USA,United States,57.460829390048275,352.429,172.1119,30.926000000000002,16.158696168530692
564,2021-10-18,DEU,Germany,65.7746838836271,128.751,117.2162,12.606,11.61829025940316
565,2021-10-18,FRA,France,67.47954732657665,105.659,52.9828,2.77,14.158081783728784
566,2021-10-18,GBR,United Kingdom,67.37727008889185,90.121,487.9665,15.405000000000001,38.449635763775035
567,2021-10-18,NZL,New Zealand,56.063071618848745,0.0,13.2491,0.0,53.64291170656062
568,2021-10-18,OWID_EUN,European Union,63.851265005965665,0.0,136.9898,16.052,13.926912503850717
569,2021-10-18,USA,United States,57.855021650005206,317.44100000000003,150.3276,32.786,17.992951582917108
570,2021-10-25,DEU,Germany,66.25719701855868,152.969,164.34120000000001,15.281,13.902029798785748
571,2021-10-25,FRA,France,67.86662502554293,107.149,59.4569,2.739,13.844779024670785
572,2021-10-25,GBR,United Kingdom,67.62116182240356,98.713,422.3782,18.176000000000002,34.68020885412859
573,2021-10-25,NZL,New Zealand,59.50860487924864,0.0,16.4118,0.0,47.262939442719585
574,2021-10-25,OWID_EUN,European Union,64.34985921835248,0.0,172.3709,19.15,16.174632615898698
575,2021-10-25,USA,United States,58.231389972779525,278.909,155.543,26.353,27.92081947618317
576,2021-11-01,DEU,Germany,66.6752524482646,193.931,213.34810000000002,20.055,15.679926937607172
577,2021-11-01,FRA,France,68.1886448236853,112.721,74.361,3.28,13.321929423561853
578,2021-11-01,GBR,United Kingdom,67.83223673635486,106.103,372.50919999999996,18.279,38.55861392927301
579,2021-11-01,NZL,New Zealand,62.67601064693377,0.0,20.3074,0.772,36.42227077410729
580,2021-11-01,OWID_EUN,European Union,64.76904323963494,0.0,206.6909,22.611,15.982637468218062
581,2021-11-01,USA,United States,58.59165097586778,239.90699999999998,150.82070000000002,21.895,29.041018599150664
582,2021-11-08,DEU,Germany,67.1112515029416,236.501,325.2663,27.42,23.611872111065587
583,2021-11-08,FRA,France,68.55323231323113,120.537,102.6837,3.605,16.64885788860543
584,2021-11-08,GBR,United Kingdom,68.07544750181559,103.661,394.1671,16.576,45.22672376291044
585,2021-11-08,NZL,New Zealand,65.06898926669551,0.0,23.4894,0.193,30.2708296490321
586,2021-11-08,OWID_EUN,European Union,65.18146349904764,0.0,268.87420000000003,25.68,21.554744254281513
587,2021-11-08,USA,United States,58.91695400323882,233.788,164.7049,22.256,30.576908578659836
588,2021-11-15,DEU,Germany,67.53354073504622,288.414,421.8,32.506,34.589187168885054
589,2021-11-15,FRA,France,68.93515718646447,135.548,185.2193,4.905,22.875363130963088
590,2021-11-15,GBR,United Kingdom,68.30022599844094,96.224,437.5095,15.152999999999999,41.5636975821986
591,2021-11-15,NZL,New Zealand,67.06273679800131,0.0,25.1094,1.351,27.29394639334471
592,2021-11-15,OWID_EUN,European Union,65.61015321316053,0.0,343.0348,29.413,27.245976625229453
593,2021-11-15,USA,United States,59.22351921103507,242.901,200.0875,30.377,32.129869717405896
594,2021-11-22,DEU,Germany,67.99772864075135,351.698,483.8057,37.1,59.83391595809707
595,2021-11-22,FRA,France,69.36534608829744,157.123,302.07669999999996,7.025,29.909973014023862
596,2021-11-22,GBR,United Kingdom,68.52307459182673,95.617,445.9292,13.923,42.9893162588135
597,2021-11-22,NZL,New Zealand,68.71370139639275,0.0,24.396,0.579,26.542590008001483
598,2021-11-22,OWID_EUN,European Union,66.02756660568468,0.0,396.8512,31.021,37.370831607812875
599,2021-11-22,USA,United States,59.510917677143034,260.582,175.1144,16.82,23.069701504735633
600,2021-11-29,DEU,Germany,68.5221226285189,397.759,465.46090000000004,34.365,77.68117343154312
601,2021-11-29,FRA,France,69.95488644191695,199.873,446.87309999999997,9.578,50.351702475926444
602,2021-11-29,GBR,United Kingdom,68.82493388938698,93.531,497.4142,13.937999999999999,45.58026214485146
603,2021-11-29,NZL,New Zealand,70.4753692885502,0.0,17.1252,0.193,46.82053401459398
604,2021-11-29,OWID_EUN,European Union,66.46380433377557,0.0,410.5551,31.877,47.177217143919535
605,2021-11-29,USA,United States,60.12005092883593,284.804,222.004,24.548000000000002,37.73337205830966
606,2021-12-06,DEU,Germany,69.08490614146041,413.062,405.432,30.143,89.55792646357483
607,2021-12-06,FRA,France,70.71472115544638,251.692,521.8979,13.973,65.381165853155
608,2021-12-06,GBR,United Kingdom,69.14084783425666,92.55,539.336,13.923,49.76785591762252
609,2021-12-06,NZL,New Zealand,71.97337643916417,0.0,12.6706,0.579,26.941796301035488
610,2021-12-06,OWID_EUN,European Union,66.92328321060751,0.0,387.725,31.341,58.38306616570742
611,2021-12-06,USA,United States,60.85968444089049,311.201,246.8207,25.38,34.696426132269245
612,2021-12-13,DEU,Germany,69.79258429324425,400.577,328.0599,23.918,95.37934821513392
613,2021-12-13,FRA,France,71.65692987648808,294.766,558.0548,15.984,75.52404406234793
614,2021-12-13,GBR,United Kingdom,69.51082044266596,91.113,898.1967,12.976,87.57442125883898
615,2021-12-13,NZL,New Zealand,72.99812714668087,0.0,9.874,0.386,24.380319014041454
616,2021-12-13,OWID_EUN,European Union,67.44044422352307,0.0,391.8884,29.992,62.219183687486584
617,2021-12-13,USA,United States,61.41515762320531,329.722,265.7806,26.796,31.237371776232038
618,2021-12-20,DEU,Germany,70.51074893682004,369.739,232.49650000000003,15.437,49.96630676033443
619,2021-12-20,FRA,France,72.50893486499639,329.008,804.2196,17.903,45.12583133027591
620,2021-12-20,GBR,United Kingdom,69.94459941887227,87.602,1365.3541,12.665000000000001,57.76404178552007
621,2021-12-20,NZL,New Zealand,73.82712350817312,0.0,7.7333,0.193,19.785011018672247
622,2021-12-20,OWID_EUN,European Union,67.907846230063,0.0,480.924,25.994999999999997,35.64473467214061
623,2021-12-20,USA,United States,61.79318331589075,336.935,418.9954,32.519999999999996,23.91249059504758
624,2021-12-27,DEU,Germany,70.89204458453698,332.422,250.3255,12.343,33.38810533881317
625,2021-12-27,FRA,France,73.08972973997822,359.798,1765.0991999999999,20.348,39.5598189137776
626,2021-12-27,GBR,United Kingdom,70.19686380058316,89.885,1913.9258,14.59,30.357551480295882
627,2021-12-27,NZL,New Zealand,74.24948872528748,0.0,7.772,0.193,15.207445525215663
628,2021-12-27,OWID_EUN,European Union,68.24120577167241,0.0,878.3388,25.872999999999998,34.286873171170186
629,2021-12-27,USA,United States,62.11449264215765,375.973,801.6907,27.035,22.866517759255544
630,2022-01-03,DEU,Germany,71.40965245945056,293.14,405.28090000000003,10.435,49.87388724747463
631,2022-01-03,FRA,France,73.82878756917658,387.183,2671.0616999999997,22.963,67.32315337767095
632,2022-01-03,GBR,United Kingdom,70.51205953365513,88.834,1955.7885,20.116,27.85334966618345
633,2022-01-03,NZL,New Zealand,74.5934673485481,0.0,8.2155,0.0,38.43681615431657
634,2022-01-03,OWID_EUN,European Union,68.70665930270694,0.0,1259.3345,24.067999999999998,49.05239655900425
635,2022-01-03,USA,United States,62.46222014160205,457.696,1384.2853,34.634,26.104063847542623
636,2022-01-10,DEU,Germany,72.21847647268399,249.64600000000002,583.0934,8.312,53.72218538502653
637,2022-01-10,FRA,France,74.72796829937792,403.993,3035.7643,23.195,56.11962308112014
638,2022-01-10,GBR,United Kingdom,70.87277537810486,79.234,1071.8062,24.398,17.728216009803504
639,2022-01-10,NZL,New Zealand,75.03045359945911,0.0,7.559900000000001,0.193,54.96935657781081
640,2022-01-10,OWID_EUN,European Union,69.25050338920379,0.0,1481.022,26.692999999999998,48.56157666772492
641,2022-01-10,USA,United States,62.8330766230754,525.755,1670.4411,42.507999999999996,23.29199608042637
642,2022-01-17,DEU,Germany,72.94467228368025,211.922,955.7593,10.399,42.22248717281933
643,2022-01-17,FRA,France,75.39110473971489,394.998,3740.0112,25.655,36.46585462964328
644,2022-01-17,GBR,United Kingdom,71.23216822309695,68.48,1081.6821,24.442,12.123817208435932
645,2022-01-17,NZL,New Zealand,75.3482096865079,0.0,9.642800000000001,0.0,67.01555111007313
646,2022-01-17,OWID_EUN,European Union,69.69607067710466,0.0,1830.8621999999998,27.933,37.83068160167921
647,2022-01-17,USA,United States,63.13821575035852,539.242,1490.7004,48.207,17.223487186089315
648,2022-01-24,DEU,Germany,73.56656178918283,194.482,1336.6368,13.398,31.167134301805064
649,2022-01-24,FRA,France,75.91291450648949,381.255,3604.3566,29.91,27.687346084084172
650,2022-01-24,GBR,United Kingdom,71.57402201433854,57.251,1056.9845,21.951999999999998,10.248998739959402
651,2022-01-24,NZL,New Zealand,75.60377610031544,0.0,15.2354,0.0,78.86773524098656
652,2022-01-24,OWID_EUN,European Union,70.08785589002932,0.0,1969.8167999999998,29.195999999999998,30.27149634719268
653,2022-01-24,USA,United States,63.448267613101926,505.674,1120.1228999999998,54.401,14.535978282482109
654,2022-01-31,DEU,Germany,74.06240314243136,193.008,1550.6087,18.04,20.917552438627684
655,2022-01-31,FRA,France,76.42000648843143,377.436,2642.2361,30.885,22.1434680665949
656,2022-01-31,GBR,United Kingdom,71.87300719503479,49.578,871.7957,19.611,7.710534794978845
657,2022-01-31,NZL,New Zealand,75.82643623417822,0.0,30.2974,0.193,65.32692777586746
658,2022-01-31,OWID_EUN,European Union,70.47989882840602,0.0,1692.1531,32.309,22.270621841351208
659,2022-01-31,USA,United States,63.75469743404223,438.442,646.9925,55.141999999999996,10.902413816393004
660,2022-02-07,DEU,Germany,74.48660673589256,201.498,1571.1257,20.451,16.80883638495648
661,2022-02-07,FRA,France,76.88519436854712,355.331,1483.35,30.761,20.456461150516862
662,2022-02-07,GBR,United Kingdom,72.12642803740403,43.476,622.4242,15.361,7.021722279847515
663,2022-02-07,NZL,New Zealand,76.00754199593725,0.0,68.9451,0.0,66.60535217998456
664,2022-02-07,OWID_EUN,European Union,70.86130936212814,0.0,1282.3788,32.688,16.63040838324933
665,2022-02-07,USA,United States,64.03405186856766,350.391,361.2617,51.879999999999995,9.349239842414903
666,2022-02-14,DEU,Germany,74.81983721142869,205.889,1431.2982,21.423,13.611828929982353
667,2022-02-14,FRA,France,77.24082803339435,317.387,875.7180000000001,27.001,14.232580773597983
668,2022-02-14,GBR,United Kingdom,72.33915204520903,36.039,468.1751,14.012,6.266533366782732
669,2022-02-14,NZL,New Zealand,76.18933927446336,0.0,226.1013,0.0,55.24590818370972
670,2022-02-14,OWID_EUN,European Union,71.22024348177463,0.0,954.9818,31.512999999999998,12.081132387407678
671,2022-02-14,USA,United States,64.26425584911081,259.647,209.334,45.44,7.564888377853103
672,2022-02-21,DEU,Germany,75.0885921609747,195.249,1311.1372,19.731,12.142976404896542
673,2022-02-21,FRA,France,77.45753637629532,275.418,608.958,20.595,7.794641145503075
674,2022-02-21,GBR,United Kingdom,72.51375644340096,30.01,372.7373,12.487,5.3105562202906
675,2022-02-21,NZL,New Zealand,76.35489555162691,0.0,1269.7268,0.579,38.99609067112749
676,2022-02-21,OWID_EUN,European Union,71.49578312271635,0.0,761.6080999999999,26.592,8.979097625160689
677,2022-02-21,USA,United States,64.45206448722398,187.886,135.4673,38.565,6.2911463712349684
678,2022-02-28,DEU,Germany,75.27722032674784,182.776,1360.2149,19.264,10.607792938069691
679,2022-02-28,FRA,France,77.59928964315733,231.975,538.9172,16.928,4.876734549422677
680,2022-02-28,GBR,United Kingdom,72.67428397500274,27.953,410.67310000000003,11.791,4.6831874227731864
681,2022-02-28,NZL,New Zealand,76.49839492346246,0.0,2715.1234999999997,1.7360000000000002,25.416905402958253
682,2022-02-28,OWID_EUN,European Union,71.68310823823704,0.0,743.8065,22.903,6.976764133028045
683,2022-02-28,USA,United States,64.60229841645453,133.03199999999998,98.2911,28.608,5.095325707904171
684,2022-03-07,DEU,Germany,75.41959144252371,179.64600000000002,1695.8723000000002,21.327,10.515433398936594
685,2022-03-07,FRA,France,77.67745986336375,200.582,648.6924,12.688,2.69002993526315
686,2022-03-07,GBR,United Kingdom,72.82787507038857,27.049,648.0431,11.525,7.578330074703
687,2022-03-07,NZL,New Zealand,76.62485433033999,0.0,2645.1755000000003,7.136,13.577449588634307
688,2022-03-07,OWID_EUN,European Union,71.87795248826754,0.0,857.001,19.392,6.568161866255926
689,2022-03-07,USA,United States,64.72114037360569,92.67,69.2695,25.441,3.983305961145935
690,2022-03-14,DEU,Germany,75.52452644402683,191.136,1898.1732,23.198,10.31143876490587
691,2022-03-14,FRA,France,77.73270169436539,176.84,907.2546,12.255,3.0927993157654137
692,2022-03-14,GBR,United Kingdom,72.98327968230542,29.299,860.9941,14.073,4.26968660859949
693,2022-03-14,NZL,New Zealand,77.05252301269998,0.0,2311.5009,11.764,14.669384869387223
694,2022-03-14,OWID_EUN,European Union,72.04567644226225,0.0,942.7140999999999,18.057000000000002,6.320651494678093
695,2022-03-14,USA,United States,64.82332539786742,68.10600000000001,61.7044,16.796,3.8414512789883952
696,2022-03-21,DEU,Germany,75.61295513375786,196.27100000000002,1905.8343,22.562,10.044747596972718
697,2022-03-21,FRA,France,77.77458536184591,158.95,1318.3313,11.249,3.6145576806806954
698,2022-03-21,GBR,United Kingdom,62.670873675153175,33.61,898.2101,17.419,8.565532717031713
699,2022-03-21,NZL,New Zealand,77.71880906045656,0.0,2174.5172000000002,13.115,11.15521237099803
700,2022-03-21,OWID_EUN,European Union,72.1373968081817,0.0,965.9363000000001,17.119,5.666109455099461
701,2022-03-21,USA,United States,64.91163892810988,51.427,57.1903,14.753,3.5200316500179065
702,2022-03-28,DEU,Germany,75.69110912462897,192.72,1553.4695,18.424,9.566541089679435
703,2022-03-28,FRA,France,77.81166590476752,158.775,1484.4625,12.394,3.8103018595254596
704,2022-03-28,GBR,United Kingdom,73.23641611788148,36.839,709.0484,18.842,11.943515151831159
705,2022-03-28,NZL,New Zealand,78.23223133202963,0.0,1787.2485,25.457,6.923239958274264
706,2022-03-28,OWID_EUN,European Union,72.2158918057648,0.0,840.5532000000001,15.688,5.209962697657162
707,2022-03-28,USA,United States,65.0031542772598,40.373,57.4845,12.333,7.5850929446728665
708,2022-04-04,DEU,Germany,75.7518174438142,174.656,1181.0026,15.497,9.367644222419043
709,2022-04-04,FRA,France,77.84366187688411,160.514,1436.5179,12.193,4.344948608673853
710,2022-04-04,GBR,United Kingdom,73.35597743259181,37.431,442.9724,21.109,14.2196878943552
711,2022-04-04,NZL,New Zealand,78.50977199975877,0.0,1373.9639,20.442,4.772540161213772
712,2022-04-04,OWID_EUN,European Union,72.27170823299475,0.0,685.3457999999999,14.219000000000001,4.9078568021698645
713,2022-04-04,USA,United States,65.12051838088307,34.618,59.4732,10.248999999999999,10.38196664105707
714,2022-04-11,DEU,Germany,75.79296593177033,154.361,934.3282999999999,11.815,5.173393639714314
715,2022-04-11,FRA,France,77.87298811226673,168.832,1272.5994,13.183,4.179493607420406
716,2022-04-11,GBR,United Kingdom,73.47355340166692,36.263,310.9469,19.849,11.720892771884303
717,2022-04-11,NZL,New Zealand,78.6676527163123,0.0,1073.0357,18.322,2.6930032250854294
718,2022-04-11,OWID_EUN,European Union,72.31452194941471,0.0,564.5282,12.509,3.7220658373100974
719,2022-04-11,USA,United States,65.23420782510419,31.284,73.2919,9.232,9.704346558946185
720,2022-04-18,DEU,Germany,75.81836309149688,140.88,877.4144,9.692,4.64135471532631
721,2022-04-18,FRA,France,77.89677979991195,171.029,834.2707,13.756,3.4877235928214354
722,2022-04-18,GBR,United Kingdom,73.56527099506606,34.41,217.28529999999998,16.826999999999998,15.173294984237346
723,2022-04-18,NZL,New Zealand,78.7649802574718,0.0,1124.8168,15.429,3.0557602478858943
724,2022-04-18,OWID_EUN,European Union,72.34178429435129,0.0,477.7948,11.298,3.6443600743369062
725,2022-04-18,USA,United States,65.33407070718837,30.311,88.8945,7.221,8.924491664331786
726,2022-04-25,DEU,Germany,75.86084950761914,120.152,715.9867,8.132,6.506873468870757
727,2022-04-25,FRA,France,77.924752312557,166.974,582.5926999999999,13.416,4.101308008788876
728,2022-04-25,GBR,United Kingdom,73.66926505848055,31.994999999999997,139.6378,13.392,13.093629560388864
729,2022-04-25,NZL,New Zealand,78.88983622706469,0.0,1020.5024000000001,13.306000000000001,3.1377228925909435
730,2022-04-25,OWID_EUN,European Union,72.3772992805546,0.0,398.92470000000003,10.02,4.03734521329801
731,2022-04-25,USA,United States,65.42764988242172,32.647,111.9008,6.6259999999999994,8.13829014133962
732,2022-05-02,DEU,Germany,75.89877483614835,99.256,565.4802999999999,6.489,5.819058786726711
733,2022-05-02,FRA,France,77.95556814854295,149.367,409.9363,11.59,3.886496689425331
734,2022-05-02,GBR,United Kingdom,73.75490917020441,26.427,108.8153,10.533,9.694361054660972
735,2022-05-02,NZL,New Zealand,78.9759176668566,0.0,1013.2319,19.093,2.093036665844469
736,2022-05-02,OWID_EUN,European Union,72.40985929418171,0.0,321.48439999999994,8.959,3.527789211640568
737,2022-05-02,USA,United States,65.51488686334461,35.627,137.6505,7.808,7.139962837076617
738,2022-05-09,DEU,Germany,75.92456251051253,84.443,490.27920000000006,5.014,4.365151714336983
739,2022-05-09,FRA,France,77.98113025104752,133.085,335.33389999999997,9.501,3.935395868048899
740,2022-05-09,GBR,United Kingdom,73.84651037689504,20.649,89.3778,8.769,9.27703852420367
741,2022-05-09,NZL,New Zealand,79.02361028341086,0.0,1121.5769,22.565,1.9121402876483837
742,2022-05-09,OWID_EUN,European Union,72.43331338933126,0.0,297.1111,7.82,3.329993733844062
743,2022-05-09,USA,United States,65.59773956517505,39.021,178.82729999999998,5.811,7.492080992224609
744,2022-05-16,DEU,Germany,75.94660765297651,73.288,350.8523,3.958,3.779040477947421
745,2022-05-16,FRA,France,78.00404747509432,116.453,251.0405,7.211,3.805671478919971
746,2022-05-16,GBR,United Kingdom,73.92196239874716,19.583,77.1381,6.5329999999999995,7.47315881263482
747,2022-05-16,NZL,New Zealand,79.06454201491952,0.0,961.2,16.972,1.6259460176665177
748,2022-05-16,OWID_EUN,European Union,72.45491208972295,0.0,238.53820000000002,6.83,3.325284159027653
749,2022-05-16,USA,United States,65.6819285682124,47.126,217.12,6.152,7.735842365902926
750,2022-05-23,DEU,Germany,75.96541232930963,59.721000000000004,224.4925,2.555,2.2462439654436186
751,2022-05-23,FRA,France,78.02441293388752,107.384,175.3998,4.642,2.6351289575745063
752,2022-05-23,GBR,United Kingdom,74.00178505892275,0.0,62.8998,5.126,6.234374661155969
753,2022-05-23,NZL,New Zealand,79.10159188537308,0.0,928.5500999999999,18.322,1.7165870600462192
754,2022-05-23,OWID_EUN,European Union,72.4759654124649,0.0,177.36229999999998,5.407,2.510972015299907
755,2022-05-23,USA,United States,65.76566339606707,50.519,218.9602,7.772,7.286284103062197
756,2022-05-30,DEU,Germany,75.98142891276474,54.432,294.0404,2.675,2.7968747451116616
757,2022-05-30,FRA,France,78.0445066369491,96.543,229.1207,5.091,3.6326663029212685
758,2022-05-30,GBR,United Kingdom,74.08317005195113,0.0,66.2594,3.925,3.7312097468104075
759,2022-05-30,NZL,New Zealand,79.14201393320879,0.0,888.7065,14.271,1.619003299526796
760,2022-05-30,OWID_EUN,European Union,72.49401035148233,0.0,190.50979999999998,4.823,2.612545548003049
761,2022-05-30,USA,United States,65.83027734315849,54.345,199.7182,5.85,5.490616898663376
762,2022-06-06,DEU,Germany,75.99549360844573,52.191,397.5466,3.419,2.1605415099753102
763,2022-06-06,FRA,France,78.0656580807304,91.251,299.8965,3.667,3.5008921593204843
764,2022-06-06,GBR,United Kingdom,74.13612515788175,0.0,110.1366,3.792,4.35588260493396
765,2022-06-06,NZL,New Zealand,79.1813312072453,0.0,921.1057000000001,15.621,1.5858325350814582
766,2022-06-06,OWID_EUN,European Union,72.50954122171684,0.0,221.35500000000002,4.703,2.407221414992953
767,2022-06-06,USA,United States,65.89815556616294,58.379,219.05579999999998,6.7509999999999994,5.564961427634413
768,2022-06-13,DEU,Germany,76.0104671631166,57.285000000000004,496.33180000000004,4.822,2.311327453669097
769,2022-06-13,FRA,France,78.0871455325675,87.24,460.9973,4.1,4.0598557798652175
770,2022-06-13,GBR,United Kingdom,74.19783233268132,0.0,142.4463,4.429,3.5845773069212647
771,2022-06-13,NZL,New Zealand,79.23196896891515,0.0,543.3642,13.5,1.815906500100573
772,2022-06-13,OWID_EUN,European Union,72.52409368095684,0.0,289.1102,4.868,2.4248201186229488
773,2022-06-13,USA,United States,65.95965291289812,61.483999999999995,198.7219,6.51,4.774795848445423
774,2022-06-20,DEU,Germany,76.02481373531313,66.656,688.7683,6.789,3.1119047367729147
775,2022-06-20,FRA,France,78.1077903309732,86.21,706.6823999999999,4.503,5.0980785395130725
776,2022-06-20,GBR,United Kingdom,74.26447112973946,0.0,192.96710000000002,5.6129999999999995,4.899721719803138
777,2022-06-20,NZL,New Zealand,79.28322386108634,0.0,839.7218,16.198,1.6510169442821798
778,2022-06-20,OWID_EUN,European Union,72.53797613653425,0.0,410.5812,5.337,2.679423731893609
779,2022-06-20,USA,United States,66.01513673528538,64.191,209.77190000000002,7.393,4.8377832529509845
780,2022-06-27,DEU,Germany,76.04014301986014,80.821,747.004,7.317,2.944721976196668
781,2022-06-27,FRA,France,78.13098183871192,95.66,1132.0194999999999,4.085,8.47908218188253
782,2022-06-27,GBR,United Kingdom,74.35078435923126,0.0,237.3227,7.599,4.660879264931682
783,2022-06-27,NZL,New Zealand,79.33380101172484,0.0,697.7432,17.55,7.44760803110492
784,2022-06-27,OWID_EUN,European Union,72.55213862774632,0.0,544.9875,6.016,3.0609081780129443
785,2022-06-27,USA,United States,66.06884638175917,69.862,228.7303,7.811,4.540251422732581
786,2022-07-04,DEU,Germany,76.05328549097783,89.359,754.8881,8.42,2.8669840316354214
787,2022-07-04,FRA,France,78.15760779117363,105.526,1398.7563,6.561,11.007417456829812
788,2022-07-04,GBR,United Kingdom,74.46142918239532,0.0,289.7734,10.028,3.5991087165112483
789,2022-07-04,NZL,New Zealand,79.38341665100192,0.0,1357.6485,22.372,13.188850226091544
790,2022-07-04,OWID_EUN,European Union,72.56554041472423,0.0,627.7414,7.567,3.52256869238653
791,2022-07-04,USA,United States,66.11399105708246,79.467,219.8613,7.254,3.970506286774381
792,2022-07-11,DEU,Germany,76.066603256731,103.011,809.8012,11.515,3.405236234110561
793,2022-07-11,FRA,France,78.17939796625593,121.99600000000001,1058.0531,9.052,8.006429445681507
794,2022-07-11,GBR,United Kingdom,74.57524797690698,0.0,246.5287,12.901,3.201442843063028
795,2022-07-11,NZL,New Zealand,79.44825116924879,0.0,1343.686,30.087,18.92604250216333
796,2022-07-11,OWID_EUN,European Union,72.57806252040606,0.0,599.2637,9.966,3.5943874868392096
797,2022-07-11,USA,United States,66.1725594700827,86.194,262.5645,8.232,6.0248126387803955
798,2022-07-18,DEU,Germany,76.07772615544012,115.414,752.2852,13.542,3.095280019728957
799,2022-07-18,FRA,France,78.19816596480658,133.5,808.1747,11.311,8.01092710837155
800,2022-07-18,GBR,United Kingdom,74.6832836216781,0.0,163.4539,15.774000000000001,2.711581767486307
801,2022-07-18,NZL,New Zealand,79.51549359846949,0.0,1179.6643,30.278,16.19466147402777
802,2022-07-18,OWID_EUN,European Union,72.58913900242189,0.0,496.5919,11.266,3.8667964030124726
803,2022-07-18,USA,United States,66.24339846764849,92.576,268.6142,9.42,6.364979504440122
804,2022-07-25,DEU,Germany,76.08826662358612,128.583,594.6143,12.451,2.838076695361296
805,2022-07-25,FRA,France,78.21584188451014,127.512,509.745,9.238,6.185141492044298
806,2022-07-25,GBR,United Kingdom,74.7975343166845,0.0,110.5247,12.620000000000001,2.7099375407131285
807,2022-07-25,NZL,New Zealand,79.55912803096827,0.0,995.1807,29.7,13.671176283520552
808,2022-07-25,OWID_EUN,European Union,72.59933374032248,0.0,380.7615,11.668,3.8641905863805635
809,2022-07-25,USA,United States,66.31931459899964,96.99,280.22810000000004,9.201,5.284799317186739
810,2022-08-01,DEU,Germany,76.09713228257536,116.517,435.3325,9.488,2.2371519484744122
811,2022-08-01,FRA,France,78.22941408200282,119.769,328.3399,8.185,4.068954330290652
812,2022-08-01,GBR,United Kingdom,74.89036245089518,0.0,84.36370000000001,9.6,2.247613560373696
813,2022-08-01,NZL,New Zealand,79.585053022117,0.0,752.1664000000001,0.0,12.081872389369233
814,2022-08-01,OWID_EUN,European Union,72.6086400378795,0.0,284.28499999999997,10.385,3.181830954419351
815,2022-08-01,USA,United States,66.38514690110686,95.649,232.95149999999998,9.639,4.323440310311876
816,2022-08-08,DEU,Germany,76.10528356880275,101.667,357.7937,7.473,2.068997613525467
817,2022-08-08,FRA,France,78.23938330408623,108.755,233.93760000000003,8.015,2.7968531107604737
818,2022-08-08,GBR,United Kingdom,74.96442439222311,0.0,67.5822,9.421,1.6504629846336194
819,2022-08-08,NZL,New Zealand,79.60573791409834,0.0,592.0596,0.0,9.826646113649597
820,2022-08-08,OWID_EUN,European Union,72.61676110301963,0.0,221.5046,9.177,2.775265800905084
821,2022-08-08,USA,United States,66.44694774919377,93.107,207.4014,10.175,3.7926647141320133
822,2022-08-15,DEU,Germany,76.11497823604863,89.781,315.8564,7.113,1.9561750388389854
823,2022-08-15,FRA,France,78.2470558742424,101.205,184.46890000000002,6.391,1.9577367171486293
824,2022-08-15,GBR,United Kingdom,75.03218346425385,0.0,52.5101,7.837,1.676459543074416
825,2022-08-15,NZL,New Zealand,79.6229872626193,0.0,514.5711,0.0,8.810116466025327
826,2022-08-15,OWID_EUN,European Union,72.62364647601268,0.0,184.63129999999998,7.691000000000001,1.921753111323399
827,2022-08-15,USA,United States,66.50379004312461,90.182,190.6427,9.551,3.3830751342422754
828,2022-08-22,DEU,Germany,76.12422138680915,75.758,273.45500000000004,4.762,1.9964174094612632
829,2022-08-22,FRA,France,78.25592016701391,88.774,181.1003,4.905,2.2227006621149337
830,2022-08-22,GBR,United Kingdom,75.09553804000957,0.0,43.5351,6.281,1.5159622720168482
831,2022-08-22,NZL,New Zealand,79.63990325046768,0.0,355.0623,0.0,7.324374784124858
832,2022-08-22,OWID_EUN,European Union,72.63133307970243,0.0,169.4581,6.579,2.193282314464917
833,2022-08-22,USA,United States,66.55568619828789,85.59100000000001,180.4161,9.52,2.915869283411206
834,2022-08-29,DEU,Germany,76.13188260201257,66.116,242.0024,4.21,1.8493618315688263
835,2022-08-29,FRA,France,78.26486788247512,84.61500000000001,164.9026,4.673,2.246722604810287
836,2022-08-29,GBR,United Kingdom,75.14782381656006,0.0,43.271300000000004,5.659,1.1307095700634358
837,2022-08-29,NZL,New Zealand,79.65603680500189,0.0,252.1365,0.0,5.597180793587397
838,2022-08-29,OWID_EUN,European Union,72.63866395816225,0.0,150.0521,5.7330000000000005,2.210676640319861
839,2022-08-29,USA,United States,66.60064502284607,79.867,171.55800000000002,9.134,2.1085083910999685
840,2022-09-05,DEU,Germany,76.1392074502859,60.2,244.79360000000003,3.802,1.580055809151127
841,2022-09-05,FRA,France,78.27314400315153,78.982,173.8819,4.07,2.2820403167534247
842,2022-09-05,GBR,United Kingdom,75.1812083916459,0.0,42.8729,4.801,0.0
843,2022-09-05,NZL,New Zealand,79.66909021712331,0.0,207.433,0.0,4.442568196295327
844,2022-09-05,OWID_EUN,European Union,72.64557744896722,0.0,145.6584,4.677,2.557996675542238
845,2022-09-05,USA,United States,66.64926765389872,76.883,132.8769,7.76,6.248691654531905
846,2022-09-12,DEU,Germany,76.14668823024866,58.438,274.5753,4.246,2.7301719662650186
847,2022-09-12,FRA,France,78.28051848465634,75.206,292.2217,3.126,2.0699275950039078
848,2022-09-12,GBR,United Kingdom,0.0,0.0,47.1226,4.504,0.0
849,2022-09-12,NZL,New Zealand,79.68198659157254,0.0,61.2888,0.0,4.034490652305012
850,2022-09-12,OWID_EUN,European Union,72.65256916822179,0.0,176.4689,4.582,4.245128544101391
851,2022-09-12,USA,United States,66.73793193998192,69.757,120.2817,8.569,10.317761346057033
852,2022-09-19,DEU,Germany,76.15399337286894,59.432,343.69140000000004,6.237,3.2625707330132814
853,2022-09-19,FRA,France,78.28780448755084,72.789,357.0231,3.358,2.119696813295386
854,2022-09-19,GBR,United Kingdom,0.0,0.0,63.2612,4.742,0.0
855,2022-09-19,NZL,New Zealand,79.69186894473411,0.0,139.2208,0.0,3.0765884023050596
856,2022-09-19,OWID_EUN,European Union,72.6588387738283,0.0,209.7965,4.682,5.524675591768572
857,2022-09-19,USA,United States,66.83420647917472,65.068,108.9969,7.997,11.920469764248562
858,2022-09-26,DEU,Germany,76.1625403143391,74.979,550.3813,10.555,5.023315385995703
859,2022-09-26,FRA,France,78.29534033718777,81.444,479.8549,3.358,1.984929143379588
860,2022-09-26,GBR,United Kingdom,0.0,0.0,79.622,6.176,0.0
861,2022-09-26,NZL,New Zealand,79.69964368703185,0.0,378.301,0.0,2.1632352603683227
862,2022-09-26,OWID_EUN,European Union,72.66498321391542,0.0,296.5715,5.803,6.556312398298037
863,2022-09-26,USA,United States,66.93393908413769,60.25,94.9582,8.816,12.701444999876083
864,2022-10-03,DEU,Germany,76.17080726418227,110.652,712.5754,15.401,5.39153007850321
865,2022-10-03,FRA,France,78.30311128713205,90.204,596.4631999999999,4.859,2.0425729579874066
866,2022-10-03,GBR,United Kingdom,0.0,0.0,99.9809,9.124,0.0
867,2022-10-03,NZL,New Zealand,79.71044898089852,0.0,0.0,0.0,2.7674445918057797
868,2022-10-03,OWID_EUN,European Union,72.67082759315423,0.0,358.32489999999996,7.647,7.416545117983324
869,2022-10-03,USA,United States,67.03268795959066,56.912,82.9419,7.566,13.40464965050563
870,2022-10-10,DEU,Germany,76.17838400210779,140.266,773.6443,18.712,7.49297347817868
871,2022-10-10,FRA,France,78.31053864513969,98.949,606.6741,6.406,3.213734829604943
872,2022-10-10,GBR,United Kingdom,0.0,0.0,89.5303,11.08,0.0
873,2022-10-10,NZL,New Zealand,79.72239486417384,0.0,483.03960000000006,0.0,3.1697365373463273
874,2022-10-10,OWID_EUN,European Union,72.6761289114479,0.0,366.23799999999994,8.918,9.861882988023421
875,2022-10-10,USA,United States,67.13271135491233,54.493,74.2796,6.724,13.61779526726335
876,2022-10-17,DEU,Germany,76.18526161773336,150.126,653.2529999999999,17.716,8.150933239166585
877,2022-10-17,FRA,France,78.31765042943725,108.196,539.4774,8.077,3.8397504903189654
878,2022-10-17,GBR,United Kingdom,0.0,0.0,78.4029,11.525,0.0
879,2022-10-17,NZL,New Zealand,79.732009977788,0.0,279.42510000000004,0.0,3.3562256607105216
880,2022-10-17,OWID_EUN,European Union,72.68127031365331,0.0,313.58910000000003,9.248,10.751188446209813
881,2022-10-17,USA,United States,67.23148865062544,55.806,83.8731,8.736,13.443288113256344
882,2022-10-24,DEU,Germany,76.19130628397168,141.287,448.4871,12.582,7.842608310151489
883,2022-10-24,FRA,France,78.3238888034532,107.648,344.8811,7.659,3.4523026558329524
884,2022-10-24,GBR,United Kingdom,0.0,0.0,55.7969,10.71,0.0
885,2022-10-24,NZL,New Zealand,79.73885351423999,0.0,791.5277,4.628,2.6542397154719826
886,2022-10-24,OWID_EUN,European Union,72.68676588604033,0.0,224.3807,8.066,8.879203544609059
887,2022-10-24,USA,United States,67.32884265295347,54.56,75.42530000000001,9.108,13.527251612297828
888,2022-10-31,DEU,Germany,76.19659391042543,123.775,292.1656,8.372,5.84364801467773
889,2022-10-31,FRA,France,78.32901845621677,107.708,237.69920000000002,6.886,2.3599899724241666
890,2022-10-31,GBR,United Kingdom,0.0,0.0,41.9664,9.243,0.0
891,2022-10-31,NZL,New Zealand,79.74663376663149,0.0,0.0,0.0,3.021432363750603
892,2022-10-31,OWID_EUN,European Union,72.69171331977351,0.0,164.46859999999998,6.532,6.879251497855279
893,2022-10-31,USA,United States,67.41552516431354,54.234,79.0163,7.281,11.313469594547938
894,2022-11-07,DEU,Germany,76.20220162522631,100.17999999999999,242.3118,7.677,7.369355632684433
895,2022-11-07,FRA,France,78.3348386634674,99.981,233.7349,6.143,2.7739961364340173
896,2022-11-07,GBR,United Kingdom,0.0,0.0,35.1894,6.962,0.0
897,2022-11-07,NZL,New Zealand,79.75502563943054,0.0,379.49670000000003,12.15,2.599083676917526
898,2022-11-07,OWID_EUN,European Union,72.6966939490273,0.0,154.1819,5.9879999999999995,6.836947519917131
899,2022-11-07,USA,United States,67.49428475747311,55.453,83.62559999999999,6.769,9.772953404786692
900,2022-11-14,DEU,Germany,76.20691504608519,82.188,203.5112,6.633,6.332973650903012
901,2022-11-14,FRA,France,78.34047475094324,99.952,343.03049999999996,7.257,3.262324333092475
902,2022-11-14,GBR,United Kingdom,0.0,0.0,32.3988,5.88,0.0
903,2022-11-14,NZL,New Zealand,79.7639051555275,0.0,422.0594,0.0,2.9489195298468416
904,2022-11-14,OWID_EUN,European Union,72.7016771806068,0.0,171.19580000000002,6.034,5.590098694760667
905,2022-11-14,USA,United States,67.56647331621859,57.964,81.2865,6.509,9.047067021719977
906,2022-11-21,DEU,Germany,76.21116135728974,76.153,204.6172,7.677,5.368344235757199
907,2022-11-21,FRA,France,78.34592798262449,102.503,454.3514,7.04,2.9625735478448085
908,2022-11-21,GBR,United Kingdom,0.0,0.0,33.9377,5.703,0.0
909,2022-11-21,NZL,New Zealand,79.77215652093561,0.0,477.4854,5.786,2.69281037180377
910,2022-11-21,OWID_EUN,European Union,72.7068785315105,0.0,187.9489,6.106999999999999,4.491448192989792
911,2022-11-21,USA,United States,67.62279416383092,61.805,88.7319,7.742,5.3265061545327566
912,2022-11-28,DEU,Germany,76.21497739984353,76.585,221.6929,9.596,4.282771803328398
913,2022-11-28,FRA,France,78.35124070184604,112.648,594.2907,7.505,4.069721144913217
914,2022-11-28,GBR,United Kingdom,0.0,0.0,38.669,5.496,0.0
915,2022-11-28,NZL,New Zealand,79.7801544220307,0.0,614.4113,4.436,2.8956920241089747
916,2022-11-28,OWID_EUN,European Union,72.7112067386681,0.0,214.2072,6.8229999999999995,4.037996112081598
917,2022-11-28,USA,United States,67.6716029834824,72.042,89.4496,5.212,6.690380925876773
918,2022-12-05,DEU,Germany,76.21844679425693,82.909,239.30120000000002,11.527,3.712685546715695
919,2022-12-05,FRA,France,78.35728042031553,120.036,664.8638,8.804,6.5463849114476576
920,2022-12-05,GBR,United Kingdom,0.0,0.0,45.9909,6.666,0.0
921,2022-12-05,NZL,New Zealand,79.78862068109552,0.0,722.8720000000001,4.243,2.7107457269980517
922,2022-12-05,OWID_EUN,European Union,72.71499305910068,0.0,223.4538,7.702999999999999,4.144834593989876
923,2022-12-05,USA,United States,67.72631950107476,78.234,136.6352,8.972,6.616329045349796
924,2022-12-12,DEU,Germany,76.22170490979883,92.202,267.4264,13.662,3.1472772407863565
925,2022-12-12,FRA,France,78.36391315613737,138.573,605.3109000000001,11.156,7.9189535929689
926,2022-12-12,GBR,United Kingdom,0.0,0.0,60.746,7.718,0.0
927,2022-12-12,NZL,New Zealand,79.79780325234937,0.0,766.0518,5.978,3.2194926840143334
928,2022-12-12,OWID_EUN,European Union,72.71919032484524,0.0,215.68619999999999,9.053,4.0130664665204
929,2022-12-12,USA,United States,67.77830066364322,85.212,131.84369999999998,7.839,6.209148642045004
930,2022-12-19,DEU,Germany,76.22447158348871,103.49,276.774,15.449,1.731357526894618
931,2022-12-19,FRA,France,78.36998468477388,148.88,463.96049999999997,12.487,4.38772801675195
932,2022-12-19,GBR,United Kingdom,0.0,0.0,72.0483,11.244,0.0
933,2022-12-19,NZL,New Zealand,79.80691143733745,0.0,0.0,0.0,2.0720156581436444
934,2022-12-19,OWID_EUN,European Union,72.72886247131389,0.0,185.0349,10.199,2.207162231187994
935,2022-12-19,USA,United States,67.8229384617264,88.369,150.16969999999998,8.966,4.044847859700528
936,2022-12-26,DEU,Germany,76.22630780764705,115.259,181.8008,11.635,0.7493477257483041
937,2022-12-26,FRA,France,78.37433741107372,151.887,234.74380000000002,12.503,2.1894769439488004
938,2022-12-26,GBR,United Kingdom,0.0,0.0,61.6868,14.368,0.0
939,2022-12-26,NZL,New Zealand,79.81085666447079,0.0,568.3193,8.293,0.588395362341424
940,2022-12-26,OWID_EUN,European Union,72.73400219152828,0.0,129.1058,9.353,1.2933980849220446
941,2022-12-26,USA,United States,67.85408938945963,97.381,115.93699999999998,7.331,3.6065225674399177
942,2023-01-02,DEU,Germany,76.22779532742297,111.491,156.3107,9.944,0.7795145102833351
943,2023-01-02,FRA,France,78.37952963085459,141.921,125.07070000000002,11.992,3.459321958916432
944,2023-01-02,GBR,United Kingdom,0.0,0.0,49.4587,14.043,0.0
945,2023-01-02,NZL,New Zealand,79.8151875981675,0.0,0.0,11.957,0.8321619103583233
946,2023-01-02,OWID_EUN,European Union,72.73730879543173,0.0,99.173,8.626999999999999,1.6653767430039206
947,2023-01-02,USA,United States,67.88754421635053,106.137,139.4408,8.171,3.7647330459710857
948,2023-01-09,DEU,Germany,76.22963463594441,93.595,106.85999999999999,6.201,1.4868206536080673
949,2023-01-09,FRA,France,78.38567763029002,127.247,67.3469,7.83,2.9400409950894373
950,2023-01-09,GBR,United Kingdom,0.0,0.0,28.9266,12.072,0.0
951,2023-01-09,NZL,New Zealand,79.8230229514966,0.0,775.9645,8.486,1.288645628045033
952,2023-01-09,OWID_EUN,European Union,72.74018531740855,0.0,69.697,7.057,2.081227756297711
953,2023-01-09,USA,United States,67.92405420009318,99.604,132.458,13.027,3.4872668484626392
954,2023-01-16,DEU,Germany,76.23155259572458,68.622,75.4074,4.054,1.1707950980834316
955,2023-01-16,FRA,France,78.39088333252577,114.108,49.0402,6.158,2.081090646336248
956,2023-01-16,GBR,United Kingdom,0.0,0.0,20.9379,10.029,0.0
957,2023-01-16,NZL,New Zealand,79.82978934663595,0.0,333.8483,5.978,0.9513452384235479
958,2023-01-16,OWID_EUN,European Union,72.7432745319084,0.0,48.4593,5.452999999999999,1.688051568546885
959,2023-01-16,USA,United States,67.95178730649594,86.59,91.05359999999999,10.831,2.3813483783563405
960,2023-01-23,DEU,Germany,76.23310265952978,53.364,87.9191,3.97,0.9200209572190615
961,2023-01-23,FRA,France,78.39577030110114,97.076,46.4189,5.044,1.5259905917744385
962,2023-01-23,GBR,United Kingdom,0.0,0.0,24.4426,7.806,0.0
963,2023-01-23,NZL,New Zealand,79.83507077150652,0.0,236.7853,1.736,0.7324567637406516
964,2023-01-23,OWID_EUN,European Union,72.74588980577276,0.0,45.5988,4.182,1.239586749649464
965,2023-01-23,USA,United States,67.97542451709982,74.657,87.164,11.064,2.0354911262843185
966,2023-01-30,DEU,Germany,76.23412084205579,51.255,101.04729999999999,4.126,0.6496953814472956
967,2023-01-30,FRA,France,78.40065979763678,85.63300000000001,40.4276,4.023,1.0871809240116201
968,2023-01-30,GBR,United Kingdom,0.0,0.0,31.388399999999997,7.244,0.0
969,2023-01-30,NZL,New Zealand,79.83972404568827,0.0,181.03140000000002,4.821,0.5974594665793942
970,2023-01-30,OWID_EUN,European Union,72.74810486098475,0.0,48.2696,4.037,0.8766273716405217
971,2023-01-30,USA,United States,67.99663549051682,67.125,84.36609999999999,10.204,1.7317249973939508
972,2023-02-06,DEU,Germany,76.23506825558431,56.841,103.8685,5.458,0.536309053729742
973,2023-02-06,FRA,France,78.40470453410744,80.10300000000001,34.885000000000005,2.646,0.7637326176396856
974,2023-02-06,GBR,United Kingdom,0.0,0.0,34.4012,6.978,0.0
975,2023-02-06,NZL,New Zealand,79.84280694314793,0.0,146.6456,2.121,0.4753833392892855
976,2023-02-06,OWID_EUN,European Union,72.74989110369731,0.0,48.7282,3.539,0.6530025417730789
977,2023-02-06,USA,United States,68.0165412856567,62.277,82.24539999999999,10.169,1.5820397523241134
978,2023-02-13,DEU,Germany,76.23589280864982,68.119,117.36859999999999,7.209,0.38997316055782283
979,2023-02-13,FRA,France,78.40822050554993,77.315,37.3159,2.785,0.5284532464276761
980,2023-02-13,GBR,United Kingdom,0.0,0.0,41.4108,7.259,0.0
981,2023-02-13,NZL,New Zealand,79.84560882582574,0.0,140.24290000000002,4.05,0.3845494436279251
982,2023-02-13,OWID_EUN,European Union,72.75147163573627,0.0,55.5603,3.949,0.48747431596163787
983,2023-02-13,USA,United States,68.03399136761921,61.682,75.1935,8.445,1.3468627330049174
984,2023-02-20,DEU,Germany,76.23675985738454,84.09700000000001,136.0612,7.185,0.2999765862570925
985,2023-02-20,FRA,France,78.41152897358492,75.414,40.6551,2.63,0.42282453216934807
986,2023-02-20,GBR,United Kingdom,0.0,0.0,41.2434,7.643,0.0
987,2023-02-20,NZL,New Zealand,79.84828122130016,0.0,136.9258,1.543,0.35350006528083583
988,2023-02-20,OWID_EUN,European Union,72.75300548459089,0.0,63.16929999999999,3.768,0.38079356037975814
989,2023-02-20,USA,United States,68.04953636310886,58.933,78.9761,6.982,1.2074260955669922
990,2023-02-27,DEU,Germany,76.23770538602449,85.907,103.53979999999999,6.417,0.303479051896945
991,2023-02-27,FRA,France,78.41460191998586,74.219,39.175799999999995,2.352,0.3465412236591804
992,2023-02-27,GBR,United Kingdom,0.0,0.0,40.347300000000004,8.576,0.0
993,2023-02-27,NZL,New Zealand,79.85262317518436,0.0,151.0427,1.157,0.48097608445739476
994,2023-02-27,OWID_EUN,European Union,72.75426015467421,0.0,56.6756,3.702,0.38237304514129905
995,2023-02-27,USA,United States,68.06540563672289,54.38,67.34700000000001,6.494,1.2185260441270813
996,2023-03-06,DEU,Germany,76.23860961846978,92.287,52.486599999999996,6.861,0.24803933892640312
997,2023-03-06,FRA,France,78.41740500662536,76.579,55.474000000000004,1.934,0.25700087003966793
998,2023-03-06,GBR,United Kingdom,0.0,0.0,43.5765,9.746,0.0
999,2023-03-06,NZL,New Zealand,79.85956864837098,0.0,193.4126,2.314,0.5990022928326656
1000,2023-03-06,OWID_EUN,European Union,72.75538001159165,0.0,49.556200000000004,3.548,0.3835637678307307
1001,2023-03-06,USA,United States,68.08071803370895,50.488,50.4281,5.578,1.1355942047520338
1002,2023-03-13,DEU,Germany,76.23946844223624,100.998,48.3472,7.509,0.22446966432945056
1003,2023-03-13,FRA,France,78.41989989277235,78.024,71.65,2.522,0.22047395042248535
1004,2023-03-13,GBR,United Kingdom,0.0,0.0,49.385999999999996,10.517,0.0
1005,2023-03-13,NZL,New Zealand,79.86751971366907,0.0,195.4182,5.014,0.5772098720052055
1006,2023-03-13,OWID_EUN,European Union,72.7563911420716,0.0,48.569500000000005,4.1450000000000005,0.377570167427584
1007,2023-03-13,USA,United States,68.09474906969382,45.514,37.4274,5.146,1.0496708479488075
1008,2023-03-20,DEU,Germany,76.24037730122618,101.69200000000001,39.1496,6.537,0.2129547088011684
1009,2023-03-20,FRA,France,78.42228102070611,77.596,84.4745,2.6,0.2038842109919927
1010,2023-03-20,GBR,United Kingdom,0.0,0.0,46.8812,10.873,0.0
1011,2023-03-20,NZL,New Zealand,79.87614301040612,0.0,191.3683,14.657,0.5201253006341594
1012,2023-03-20,OWID_EUN,European Union,72.75751303007252,0.0,45.2196,3.7809999999999997,0.3858408028245133
1013,2023-03-20,USA,United States,68.10829903048754,44.123,45.218,6.16,1.012282792186355
1014,2023-03-27,DEU,Germany,76.24161704383401,90.991,27.170499999999997,5.17,0.2539287588893058
1015,2023-03-27,FRA,France,78.42462275459194,53.425,88.6353,3.249,0.19559671449427102
1016,2023-03-27,GBR,United Kingdom,0.0,0.0,37.2884,10.221,0.0
1017,2023-03-27,NZL,New Zealand,79.93290248624523,0.0,189.7483,4.821,3.1678080045297383
1018,2023-03-27,OWID_EUN,European Union,72.75931840939971,0.0,38.8318,3.632,0.32357222636039085
1019,2023-03-27,USA,United States,68.12137758657981,40.743,52.1322,5.161,0.9455471227609024
1020,2023-04-03,DEU,Germany,54.45892303499683,74.824,17.6071,3.335,0.12926737055030932
1021,2023-04-03,FRA,France,78.42675277180312,0.0,85.6365,2.909,0.1565629009187029
1022,2023-04-03,GBR,United Kingdom,0.0,0.0,25.0235,8.902,0.0
1023,2023-04-03,NZL,New Zealand,23.004561558671078,0.0,205.4466,0.0,7.563898559945261
1024,2023-04-03,OWID_EUN,European Union,72.76048631413569,0.0,32.308099999999996,2.9610000000000003,0.18182291037670462
1025,2023-04-03,USA,United States,68.13301464849633,35.606,30.5868,5.111,0.8276245800287905
1026,2023-04-10,DEU,Germany,0.0,62.936,15.6471,3.646,0.0
1027,2023-04-10,FRA,France,78.42845092913073,0.0,81.24980000000001,2.507,0.12528571217908072
1028,2023-04-10,GBR,United Kingdom,0.0,0.0,22.0947,8.132,0.0
1029,2023-04-10,NZL,New Zealand,0.0,0.0,204.3281,5.593,0.0
1030,2023-04-10,OWID_EUN,European Union,72.7610655220196,0.0,31.143,2.851,0.1602543906160851
1031,2023-04-10,USA,United States,68.14413524714143,33.155,30.7597,3.813,0.8079698375584753
1032,2023-04-17,DEU,Germany,0.0,54.361,13.755600000000001,2.771,0.0
1033,2023-04-17,FRA,France,78.43020090964437,0.0,75.16720000000001,4.333,0.12124518897556516
1034,2023-04-17,GBR,United Kingdom,0.0,0.0,18.994500000000002,7.6579999999999995,0.0
1035,2023-04-17,NZL,New Zealand,0.0,0.0,246.83290000000002,0.0,0.0
1036,2023-04-17,OWID_EUN,European Union,72.76171407236293,0.0,30.765100000000004,3.141,0.18873176777247416
1037,2023-04-17,USA,United States,68.15396451869115,29.768,29.1073,3.541,0.9970207324218436
1038,2023-04-24,DEU,Germany,0.0,46.251,11.0268,1.943,0.0
1039,2023-04-24,FRA,France,78.43176192512603,0.0,62.579499999999996,3.853,0.10994941972778081
1040,2023-04-24,GBR,United Kingdom,0.0,0.0,17.0229,5.985,0.0
1041,2023-04-24,NZL,New Zealand,0.0,0.0,212.1193,3.857,0.0
1042,2023-04-24,OWID_EUN,European Union,72.76264383256101,0.0,25.6081,2.864,0.18596822481416633
1043,2023-04-24,USA,United States,68.16350908088883,26.021,25.5651,3.092,1.5028798262280736
1044,2023-05-01,DEU,Germany,0.0,38.948,8.828100000000001,2.003,0.0
1045,2023-05-01,FRA,France,78.43304823558904,0.0,48.4816,3.698,0.08933390352882191
1046,2023-05-01,GBR,United Kingdom,0.0,0.0,16.4422,5.199,0.0
1047,2023-05-01,NZL,New Zealand,0.0,0.0,186.79770000000002,10.8,0.0
1048,2023-05-01,OWID_EUN,European Union,72.76320276134584,0.0,21.6722,2.654,0.13581347451696718
1049,2023-05-01,USA,United States,68.17300271465595,23.595,22.8103,3.388,1.637161121378703
1050,2023-05-08,DEU,Germany,0.0,30.382,8.0461,1.307,0.0
1051,2023-05-08,FRA,France,78.43406173700365,0.0,37.5697,2.476,0.07290637488387182
1052,2023-05-08,GBR,United Kingdom,0.0,0.0,13.2945,4.725,0.0
1053,2023-05-08,NZL,New Zealand,0.0,0.0,214.125,0.0,0.0
1054,2023-05-08,OWID_EUN,European Union,72.76355813748326,0.0,18.3134,2.162,0.11578889555701
1055,2023-05-08,USA,United States,19.47922709385477,22.254,27.568099999999998,5.744,0.1991930848792581
1056,2023-05-15,DEU,Germany,0.0,26.302,5.2284999999999995,1.02,0.0
1057,2023-05-15,FRA,France,78.43503310574668,0.0,31.952800000000003,2.043,0.06663913998790792
1058,2023-05-15,GBR,United Kingdom,0.0,0.0,11.0979,4.059,0.0
1059,2023-05-15,NZL,New Zealand,0.0,0.0,205.04160000000002,19.478,0.0
1060,2023-05-15,OWID_EUN,European Union,72.76388130190614,0.0,15.7824,1.966,0.08529439862076281
1061,2023-05-15,USA,United States,0.0,21.16,0.0,0.0,0.0
1062,2023-05-22,DEU,Germany,0.0,21.376,5.1242,0.864,0.0
1063,2023-05-22,FRA,France,78.43579844572574,0.0,39.0396,2.306,0.07488239718048162
1064,2023-05-22,GBR,United Kingdom,0.0,0.0,10.0107,3.496,0.0
1065,2023-05-22,NZL,New Zealand,0.0,0.0,244.88510000000002,9.45,0.0
1066,2023-05-22,OWID_EUN,European Union,72.76443845349291,0.0,16.549500000000002,1.78,0.10007180035602298
1067,2023-05-22,USA,United States,0.0,18.94,0.0,0.0,0.0
1068,2023-05-29,DEU,Germany,0.0,17.429,3.3189,0.66,0.0
1069,2023-05-29,FRA,France,78.4365557804972,0.0,28.8024,1.733,0.06279032044003362
1070,2023-05-29,GBR,United Kingdom,0.0,0.0,7.7901,2.9050000000000002,0.0
1071,2023-05-29,NZL,New Zealand,0.0,0.0,219.5442,0.0,0.0
1072,2023-05-29,OWID_EUN,European Union,72.76481182376054,0.0,12.139800000000001,1.5419999999999998,0.06449229551658718
1073,2023-05-29,USA,United States,0.0,18.0,0.0,0.0,0.0
1074,2023-06-05,DEU,Germany,0.0,14.849,2.8691,0.384,0.0
1075,2023-06-05,FRA,France,78.43745004645127,0.0,24.1665,1.64,0.08169525017327062
1076,2023-06-05,GBR,United Kingdom,0.0,0.0,7.248,2.49,0.0
1077,2023-06-05,NZL,New Zealand,0.0,0.0,0.0,18.514,0.0
1078,2023-06-05,OWID_EUN,European Union,72.77852817479221,0.0,9.8976,1.35,0.04329920884274743
1079,2023-06-05,USA,United States,0.0,16.994,0.0,0.0,0.0
1080,2023-06-12,DEU,Germany,0.0,13.613,2.4157,0.36,0.0
1081,2023-06-12,FRA,France,78.43825056721109,0.0,17.3303,1.037,0.08250630410098359
1082,2023-06-12,GBR,United Kingdom,0.0,0.0,5.3607,2.7560000000000002,0.0
1083,2023-06-12,NZL,New Zealand,0.0,0.0,375.0225,0.0,0.0
1084,2023-06-12,OWID_EUN,European Union,72.85963977913819,0.0,7.5652,0.996,0.04558735132430456
1085,2023-06-12,USA,United States,0.0,15.242,0.0,0.0,0.0
1086,2023-06-19,DEU,Germany,0.0,10.397,1.8328,0.18,0.0
1087,2023-06-19,FRA,France,78.43885833099849,0.0,12.3509,0.959,0.07268517835813192
1088,2023-06-19,GBR,United Kingdom,0.0,0.0,4.1536,1.673,0.0
1089,2023-06-19,NZL,New Zealand,0.0,0.0,145.1028,7.521,0.0
1090,2023-06-19,OWID_EUN,European Union,72.8598181019205,0.0,5.882399999999999,0.78,0.0322139360437474
1091,2023-06-19,USA,United States,0.0,14.567,0.0,0.0,0.0
1092,2023-06-26,DEU,Germany,0.0,1.199,1.3182,0.096,0.0
1093,2023-06-26,FRA,France,78.43934475269175,0.0,0.0,0.0,0.05569728518130742
1094,2023-06-26,GBR,United Kingdom,0.0,0.0,3.247,1.5110000000000001,0.0
1095,2023-06-26,NZL,New Zealand,0.0,0.0,0.0,0.0,0.0
1096,2023-06-26,OWID_EUN,European Union,72.85997465402676,0.0,2.8847,0.45699999999999996,0.026371397474334556
1097,2023-06-26,USA,United States,0.0,14.321,0.0,0.0,0.0
1098,2023-07-03,DEU,Germany,0.0,0.0,0.0,0.0,0.0
1099,2023-07-03,FRA,France,78.43976123415021,0.0,0.0,0.0,0.043413504785218174
1100,2023-07-03,GBR,United Kingdom,0.0,0.0,3.638,1.097,0.0
1101,2023-07-03,NZL,New Zealand,0.0,0.0,231.01889999999997,11.764,0.0
1102,2023-07-03,OWID_EUN,European Union,72.86010845165092,0.0,1.9127,0.353,0.01747207826936579
1103,2023-07-03,USA,United States,0.0,14.133,0.0,0.0,0.0
1104,2023-07-10,DEU,Germany,0.0,0.0,0.0,0.0,0.0
1105,2023-07-10,FRA,France,11.205706027710658,0.0,0.0,0.0,0.0042027339890581454
1106,2023-07-10,GBR,United Kingdom,0.0,0.0,4.6142,0.9339999999999999,0.0
1107,2023-07-10,NZL,New Zealand,0.0,0.0,88.8861,4.05,0.0
1108,2023-07-10,OWID_EUN,European Union,72.86019680378224,0.0,1.9727000000000001,0.33299999999999996,0.009452472096141314
1109,2023-07-10,USA,United States,0.0,14.647,0.0,0.0,0.0
1110,2023-07-17,DEU,Germany,0.0,0.0,0.0,0.0,0.0
1111,2023-07-17,FRA,France,0.0,0.0,0.0,0.0,0.0
1112,2023-07-17,GBR,United Kingdom,0.0,0.0,5.3579,0.949,0.0
1113,2023-07-17,NZL,New Zealand,0.0,0.0,72.1464,2.507,0.0
1114,2023-07-17,OWID_EUN,European Union,72.86024002777752,0.0,2.1627,0.3,0.010967533428589816
1115,2023-07-17,USA,United States,0.0,16.55,0.0,0.0,0.0
1116,2023-07-24,DEU,Germany,0.0,0.0,0.0,0.0,0.0
1117,2023-07-24,FRA,France,0.0,0.0,0.0,0.0,0.0
1118,2023-07-24,GBR,United Kingdom,0.0,0.0,6.928100000000001,1.2,0.0
1119,2023-07-24,NZL,New Zealand,0.0,0.0,60.0545,3.086,0.0
1120,2023-07-24,OWID_EUN,European Union,72.86036068683045,0.0,2.6769,0.29700000000000004,0.007990726705010647
1121,2023-07-24,USA,United States,0.0,18.094,0.0,0.0,0.0
1122,2023-07-31,DEU,Germany,0.0,0.0,0.0,0.0,0.0
1123,2023-07-31,FRA,France,0.0,0.0,0.0,0.0,0.0
1124,2023-07-31,GBR,United Kingdom,0.0,0.0,9.3454,1.4969999999999999,0.0
1125,2023-07-31,NZL,New Zealand,0.0,0.0,59.37949999999999,7.907,0.0
1126,2023-07-31,OWID_EUN,European Union,72.860397944518,0.0,3.5739,0.37,0.005862532047407033
1127,2023-07-31,USA,United States,0.0,20.355,0.0,0.0,0.0
1128,2023-08-07,DEU,Germany,0.0,0.0,0.0,0.0,0.0
1129,2023-08-07,FRA,France,0.0,0.0,0.0,0.0,0.0
1130,2023-08-07,GBR,United Kingdom,0.0,0.0,11.5021,2.031,0.0
1131,2023-08-07,NZL,New Zealand,0.0,0.0,74.6149,3.857,0.0
1132,2023-08-07,OWID_EUN,European Union,72.86042504678817,0.0,4.0827,0.34299999999999997,0.008412811240443515
1133,2023-08-07,USA,United States,0.0,22.855,0.0,0.0,0.0
1134,2023-08-14,DEU,Germany,0.0,0.0,0.0,0.0,0.0
1135,2023-08-14,FRA,France,0.0,0.0,0.0,0.0,0.0
1136,2023-08-14,GBR,United Kingdom,0.0,0.0,12.6427,2.902,0.0
1137,2023-08-14,NZL,New Zealand,0.0,0.0,87.3047,0.0,0.0
1138,2023-08-14,OWID_EUN,European Union,72.8604485311909,0.0,5.1312999999999995,0.45399999999999996,0.01295577374023411
1139,2023-08-14,USA,United States,0.0,28.576999999999998,0.0,0.0,0.0
1140,2023-08-21,DEU,Germany,0.0,0.0,0.0,0.0,0.0
1141,2023-08-21,FRA,France,0.0,0.0,0.0,0.0,0.0
1142,2023-08-21,GBR,United Kingdom,0.0,0.0,13.270900000000001,0.0,0.0
1143,2023-08-21,NZL,New Zealand,0.0,0.0,63.3909,6.557,0.0
1144,2023-08-21,OWID_EUN,European Union,72.86048366258794,0.0,7.3660000000000005,0.498,0.017265478996759176
1145,2023-08-21,USA,United States,0.0,33.436,0.0,0.0,0.0
1146,2023-08-28,DEU,Germany,0.0,0.0,0.0,0.0,0.0
1147,2023-08-28,FRA,France,0.0,0.0,0.0,0.0,0.0
1148,2023-08-28,GBR,United Kingdom,0.0,0.0,15.4512,0.0,0.0
1149,2023-08-28,NZL,New Zealand,0.0,0.0,54.0761,0.0,0.0
1150,2023-08-28,OWID_EUN,European Union,72.86051628686631,0.0,6.1582,0.355,0.013970998122827902
1151,2023-08-28,USA,United States,0.0,38.396,0.0,0.0,0.0
1152,2023-09-04,DEU,Germany,0.0,0.0,0.0,0.0,0.0
1153,2023-09-04,FRA,France,0.0,0.0,0.0,0.0,0.0
1154,2023-09-04,GBR,United Kingdom,0.0,0.0,20.2995,0.0,0.0
1155,2023-09-04,NZL,New Zealand,0.0,0.0,55.9082,2.121,0.0
1156,2023-09-04,OWID_EUN,European Union,72.86053777192124,0.0,8.804400000000001,0.40800000000000003,0.013124607554407258
1157,2023-09-04,USA,United States,0.0,40.444,0.0,0.0,0.0
1158,2023-09-11,DEU,Germany,0.0,0.0,0.0,0.0,0.0
1159,2023-09-11,FRA,France,0.0,0.0,0.0,0.0,0.0
1160,2023-09-11,GBR,United Kingdom,0.0,0.0,8.627,0.0,0.0
1161,2023-09-11,NZL,New Zealand,0.0,0.0,53.3625,2.893,0.0
1162,2023-09-11,OWID_EUN,European Union,72.86055776539924,0.0,5.3617,0.27899999999999997,0.01540164254818983
1163,2023-09-11,USA,United States,0.0,24.274,0.0,0.0,0.0
1164,2023-09-18,DEU,Germany,0.0,0.0,0.0,0.0,0.0
1165,2023-09-18,FRA,France,0.0,0.0,0.0,0.0,0.0
1166,2023-09-18,GBR,United Kingdom,0.0,0.0,0.0,0.0,0.0
1167,2023-09-18,NZL,New Zealand,0.0,0.0,0.0,0.0,0.0
1168,2023-09-18,OWID_EUN,European Union,72.86058607362523,0.0,0.0,0.0,0.001001895397264332
1169,2023-09-18,USA,United States,0.0,0.0,0.0,0.0,0.0
1170,2023-09-25,OWID_EUN,European Union,72.86059461052297,0.0,0.0,0.0,0.0
